/*
SQLyog Enterprise - MySQL GUI v8.18 
MySQL - 5.5.19 : Database - nhrc_cms
*********************************************************************
*/

/*!40101 SET NAMES utf8 */;

/*!40101 SET SQL_MODE=''*/;

/*!40014 SET @OLD_UNIQUE_CHECKS=@@UNIQUE_CHECKS, UNIQUE_CHECKS=0 */;
/*!40014 SET @OLD_FOREIGN_KEY_CHECKS=@@FOREIGN_KEY_CHECKS, FOREIGN_KEY_CHECKS=0 */;
/*!40101 SET @OLD_SQL_MODE=@@SQL_MODE, SQL_MODE='NO_AUTO_VALUE_ON_ZERO' */;
/*!40111 SET @OLD_SQL_NOTES=@@SQL_NOTES, SQL_NOTES=0 */;
CREATE DATABASE /*!32312 IF NOT EXISTS*/`nhrc_cms` /*!40100 DEFAULT CHARACTER SET utf8 COLLATE utf8_unicode_ci */;

USE `nhrc_cms`;

/*Table structure for table `access_log` */

DROP TABLE IF EXISTS `access_log`;

CREATE TABLE `access_log` (
  `id` bigint(20) unsigned NOT NULL AUTO_INCREMENT,
  `user_id` int(10) unsigned DEFAULT NULL,
  `login_ip` varchar(60) COLLATE utf8_unicode_ci DEFAULT NULL,
  `login_dt` datetime DEFAULT NULL,
  `logout_dt` datetime DEFAULT NULL,
  `browser_info` varchar(1500) COLLATE utf8_unicode_ci DEFAULT NULL,
  `lastUDT` timestamp NOT NULL DEFAULT CURRENT_TIMESTAMP ON UPDATE CURRENT_TIMESTAMP,
  PRIMARY KEY (`id`),
  KEY `FK_access_log` (`user_id`),
  CONSTRAINT `FK_access_log` FOREIGN KEY (`user_id`) REFERENCES `users` (`id`) ON DELETE NO ACTION ON UPDATE NO ACTION
) ENGINE=InnoDB AUTO_INCREMENT=225 DEFAULT CHARSET=utf8 COLLATE=utf8_unicode_ci;

/*Data for the table `access_log` */

insert  into `access_log`(`id`,`user_id`,`login_ip`,`login_dt`,`logout_dt`,`browser_info`,`lastUDT`) values (1,1,'127.0.0.1','2012-05-08 16:19:47',NULL,'Mozilla/5.0 (Windows NT 5.1; rv:12.0) Gecko/20100101 Firefox/12.0','2012-05-08 16:19:47'),(2,1,'127.0.0.1','2012-05-08 16:25:58',NULL,'Mozilla/5.0 (Windows NT 5.1; rv:12.0) Gecko/20100101 Firefox/12.0','2012-05-08 16:25:57'),(3,1,'127.0.0.1','2012-05-09 10:09:34',NULL,'Mozilla/5.0 (Windows NT 5.1; rv:12.0) Gecko/20100101 Firefox/12.0','2012-05-09 10:09:32'),(4,1,'127.0.0.1','2012-05-09 10:13:52','2012-05-09 10:17:25','Mozilla/5.0 (Windows NT 5.1; rv:12.0) Gecko/20100101 Firefox/12.0','2012-05-09 10:17:24'),(5,1,'127.0.0.1','2012-05-10 10:25:56',NULL,'Mozilla/5.0 (Windows NT 5.1; rv:12.0) Gecko/20100101 Firefox/12.0','2012-05-10 10:25:56'),(6,1,'127.0.0.1','2012-05-10 12:03:35',NULL,'Mozilla/5.0 (Windows NT 6.1; rv:12.0) Gecko/20100101 Firefox/12.0','2012-05-10 12:03:35'),(7,1,'192.168.50.139','2012-05-10 12:11:06',NULL,'Mozilla/5.0 (Windows NT 5.1; rv:12.0) Gecko/20100101 Firefox/12.0','2012-05-10 12:11:06'),(8,1,'192.168.50.139','2012-05-13 10:59:04',NULL,'Mozilla/5.0 (Windows NT 5.1; rv:12.0) Gecko/20100101 Firefox/12.0','2012-05-13 10:59:03'),(9,1,'192.168.50.139','2012-05-13 10:59:12',NULL,'Mozilla/5.0 (Windows NT 5.1; rv:12.0) Gecko/20100101 Firefox/12.0','2012-05-13 10:59:11'),(10,1,'192.168.50.139','2012-05-13 11:52:24',NULL,'Mozilla/4.0 (compatible; MSIE 7.0; Windows NT 5.1; .NET CLR 2.0.50727)','2012-05-13 11:52:24'),(11,1,'192.168.50.139','2012-05-13 12:05:46',NULL,'Mozilla/4.0 (compatible; MSIE 7.0; Windows NT 5.1; .NET CLR 2.0.50727)','2012-05-13 12:05:46'),(12,1,'127.0.0.1','2012-05-13 16:11:19',NULL,'Mozilla/5.0 (Windows NT 5.1; rv:12.0) Gecko/20100101 Firefox/12.0','2012-05-13 16:11:19'),(13,1,'192.168.50.139','2012-05-14 09:51:44',NULL,'Mozilla/5.0 (Windows NT 5.1; rv:12.0) Gecko/20100101 Firefox/12.0','2012-05-14 09:51:42'),(14,1,'192.168.50.139','2012-05-14 09:51:50',NULL,'Mozilla/5.0 (Windows NT 5.1; rv:12.0) Gecko/20100101 Firefox/12.0','2012-05-14 09:51:48'),(15,1,'192.168.50.139','2012-05-14 10:18:50',NULL,'Mozilla/4.0 (compatible; MSIE 7.0; Windows NT 5.1; .NET CLR 2.0.50727)','2012-05-14 10:18:50'),(16,1,'192.168.50.139','2012-05-14 10:55:09',NULL,'Mozilla/5.0 (Windows NT 5.1; rv:12.0) Gecko/20100101 Firefox/12.0','2012-05-14 10:55:09'),(17,1,'192.168.50.139','2012-05-14 11:58:17',NULL,'Mozilla/5.0 (Windows NT 5.1; rv:12.0) Gecko/20100101 Firefox/12.0','2012-05-14 11:58:17'),(18,1,'192.168.50.139','2012-05-14 14:04:18',NULL,'Mozilla/4.0 (compatible; MSIE 7.0; Windows NT 5.1; .NET CLR 2.0.50727)','2012-05-14 14:04:18'),(19,1,'192.168.50.140','2012-05-14 14:13:15',NULL,'Mozilla/4.0 (compatible; MSIE 7.0; Windows NT 6.1; Trident/4.0; SLCC2; .NET CLR 2.0.50727; .NET CLR 3.5.30729; .NET CLR 3.0.30729; Media Center PC 6.0; InfoPath.2)','2012-05-14 14:13:15'),(20,1,'192.168.50.140','2012-05-14 14:13:29',NULL,'Mozilla/4.0 (compatible; MSIE 7.0; Windows NT 6.1; Trident/4.0; SLCC2; .NET CLR 2.0.50727; .NET CLR 3.5.30729; .NET CLR 3.0.30729; Media Center PC 6.0; InfoPath.2)','2012-05-14 14:13:29'),(21,1,'192.168.50.140','2012-05-14 14:13:46',NULL,'Mozilla/4.0 (compatible; MSIE 7.0; Windows NT 6.1; Trident/4.0; SLCC2; .NET CLR 2.0.50727; .NET CLR 3.5.30729; .NET CLR 3.0.30729; Media Center PC 6.0; InfoPath.2)','2012-05-14 14:13:46'),(22,1,'192.168.50.140','2012-05-14 14:14:27',NULL,'Mozilla/4.0 (compatible; MSIE 7.0; Windows NT 6.1; Trident/4.0; SLCC2; .NET CLR 2.0.50727; .NET CLR 3.5.30729; .NET CLR 3.0.30729; Media Center PC 6.0; InfoPath.2)','2012-05-14 14:14:27'),(23,1,'127.0.0.1','2012-05-14 14:15:45',NULL,'Mozilla/4.0 (compatible; MSIE 8.0; Windows NT 6.1; Trident/4.0; SLCC2; .NET CLR 2.0.50727; .NET CLR 3.5.30729; .NET CLR 3.0.30729; Media Center PC 6.0; InfoPath.2)','2012-05-14 14:15:45'),(24,1,'192.168.50.139','2012-05-15 10:10:03',NULL,'Mozilla/5.0 (Windows NT 5.1; rv:12.0) Gecko/20100101 Firefox/12.0','2012-05-15 10:10:02'),(25,1,'192.168.50.139','2012-05-15 10:43:36',NULL,'Mozilla/4.0 (compatible; MSIE 7.0; Windows NT 5.1; Trident/4.0; .NET CLR 2.0.50727)','2012-05-15 10:43:36'),(26,1,'192.168.50.139','2012-05-15 10:58:16',NULL,'Mozilla/4.0 (compatible; MSIE 7.0; Windows NT 5.1; Trident/4.0; .NET CLR 2.0.50727)','2012-05-15 10:58:16'),(27,1,'192.168.50.139','2012-05-15 11:02:43',NULL,'Mozilla/5.0 (Windows NT 5.1; rv:12.0) Gecko/20100101 Firefox/12.0','2012-05-15 11:02:43'),(28,1,'192.168.50.139','2012-05-15 11:17:39',NULL,'Opera/9.80 (Windows NT 5.1; U; en) Presto/2.10.229 Version/11.61','2012-05-15 11:17:39'),(29,1,'192.168.50.139','2012-05-15 11:29:56',NULL,'Mozilla/5.0 (Windows NT 5.1; rv:12.0) Gecko/20100101 Firefox/12.0','2012-05-15 11:29:55'),(30,1,'192.168.50.139','2012-05-15 12:45:55',NULL,'Mozilla/5.0 (Windows NT 5.1; rv:12.0) Gecko/20100101 Firefox/12.0','2012-05-15 12:45:55'),(31,1,'127.0.0.1','2012-05-15 12:51:09','2012-05-15 13:48:35','Mozilla/5.0 (Windows NT 6.1; rv:12.0) Gecko/20100101 Firefox/12.0','2012-05-15 13:48:35'),(32,1,'192.168.50.139','2012-05-15 14:35:13',NULL,'Mozilla/5.0 (Windows NT 5.1) AppleWebKit/535.19 (KHTML, like Gecko) Chrome/18.0.1025.168 Safari/535.19','2012-05-15 14:35:13'),(33,1,'192.168.50.139','2012-05-15 14:38:38',NULL,'Mozilla/4.0 (compatible; MSIE 7.0; Windows NT 5.1; Trident/4.0; .NET CLR 2.0.50727)','2012-05-15 14:38:38'),(34,1,'192.168.50.139','2012-05-15 14:43:49',NULL,'Mozilla/5.0 (Windows NT 5.1) AppleWebKit/535.19 (KHTML, like Gecko) Chrome/18.0.1025.168 Safari/535.19','2012-05-15 14:43:49'),(35,1,'192.168.50.139','2012-05-15 14:45:14',NULL,'Mozilla/5.0 (Windows NT 5.1) AppleWebKit/535.19 (KHTML, like Gecko) Chrome/18.0.1025.168 Safari/535.19','2012-05-15 14:45:14'),(36,1,'192.168.50.139','2012-05-15 14:55:58',NULL,'Mozilla/5.0 (Windows NT 5.1) AppleWebKit/535.19 (KHTML, like Gecko) Chrome/18.0.1025.168 Safari/535.19','2012-05-15 14:55:58'),(37,1,'127.0.0.1','2012-05-15 15:35:35','2012-05-15 15:42:49','Mozilla/5.0 (Windows NT 6.1; rv:12.0) Gecko/20100101 Firefox/12.0','2012-05-15 15:42:49'),(38,1,'127.0.0.1','2012-05-15 16:43:56',NULL,'Mozilla/5.0 (Windows NT 5.1; rv:12.0) Gecko/20100101 Firefox/12.0','2012-05-15 16:43:56'),(39,1,'127.0.0.1','2012-05-15 17:11:22',NULL,'Mozilla/5.0 (Windows NT 5.1; rv:12.0) Gecko/20100101 Firefox/12.0','2012-05-15 17:11:22'),(40,1,'127.0.0.1','2012-05-15 17:28:07',NULL,'Mozilla/4.0 (compatible; MSIE 8.0; Windows NT 5.1; Trident/4.0; .NET CLR 2.0.50727)','2012-05-15 17:28:07'),(41,1,'127.0.0.1','2012-05-15 17:40:21',NULL,'Mozilla/5.0 (Windows NT 6.1; rv:12.0) Gecko/20100101 Firefox/12.0','2012-05-15 17:40:21'),(42,1,'127.0.0.1','2012-05-15 17:54:18',NULL,'Mozilla/5.0 (Windows NT 5.1; rv:12.0) Gecko/20100101 Firefox/12.0','2012-05-15 17:54:18'),(43,1,'127.0.0.1','2012-05-16 09:36:37','2012-05-16 11:16:47','Mozilla/5.0 (Windows NT 6.1; rv:12.0) Gecko/20100101 Firefox/12.0','2012-05-16 11:16:47'),(44,1,'127.0.0.1','2012-05-16 10:30:23','2012-05-16 11:31:57','Mozilla/5.0 (Windows NT 5.1; rv:12.0) Gecko/20100101 Firefox/12.0','2012-05-16 11:31:57'),(45,2,'127.0.0.1','2012-05-16 11:16:54','2012-05-16 11:17:41','Mozilla/5.0 (Windows NT 6.1; rv:12.0) Gecko/20100101 Firefox/12.0','2012-05-16 11:17:41'),(46,1,'127.0.0.1','2012-05-16 11:18:04','2012-05-16 11:18:32','Mozilla/5.0 (Windows NT 6.1; rv:12.0) Gecko/20100101 Firefox/12.0','2012-05-16 11:18:32'),(47,2,'127.0.0.1','2012-05-16 11:18:37','2012-05-16 11:21:59','Mozilla/5.0 (Windows NT 6.1; rv:12.0) Gecko/20100101 Firefox/12.0','2012-05-16 11:21:59'),(48,1,'127.0.0.1','2012-05-16 11:22:04',NULL,'Mozilla/5.0 (Windows NT 6.1; rv:12.0) Gecko/20100101 Firefox/12.0','2012-05-16 11:22:04'),(49,3,'127.0.0.1','2012-05-16 11:32:10','2012-05-16 11:32:21','Mozilla/5.0 (Windows NT 5.1; rv:12.0) Gecko/20100101 Firefox/12.0','2012-05-16 11:32:21'),(50,1,'127.0.0.1','2012-05-16 11:32:28','2012-05-16 11:36:14','Mozilla/5.0 (Windows NT 5.1; rv:12.0) Gecko/20100101 Firefox/12.0','2012-05-16 11:36:13'),(51,3,'127.0.0.1','2012-05-16 11:36:26','2012-05-16 11:37:13','Mozilla/5.0 (Windows NT 5.1; rv:12.0) Gecko/20100101 Firefox/12.0','2012-05-16 11:37:13'),(52,1,'127.0.0.1','2012-05-16 11:56:30','2012-05-16 11:57:30','Mozilla/5.0 (Windows NT 5.1; rv:12.0) Gecko/20100101 Firefox/12.0','2012-05-16 11:57:30'),(53,3,'127.0.0.1','2012-05-16 11:57:36',NULL,'Mozilla/5.0 (Windows NT 5.1; rv:12.0) Gecko/20100101 Firefox/12.0','2012-05-16 11:57:36'),(54,1,'127.0.0.1','2012-05-20 16:00:47',NULL,'Mozilla/5.0 (Windows NT 5.1; rv:12.0) Gecko/20100101 Firefox/12.0','2012-05-20 16:00:47'),(55,1,'127.0.0.1','2012-05-21 10:17:55',NULL,'Mozilla/5.0 (Windows NT 5.1; rv:12.0) Gecko/20100101 Firefox/12.0','2012-05-21 10:17:53'),(56,1,'127.0.0.1','2012-05-21 10:33:49',NULL,'Mozilla/5.0 (Windows NT 5.1; rv:12.0) Gecko/20100101 Firefox/12.0','2012-05-21 10:33:49'),(57,1,'127.0.0.1','2012-05-21 10:40:59',NULL,'Mozilla/4.0 (compatible; MSIE 8.0; Windows NT 5.1; Trident/4.0; .NET CLR 2.0.50727)','2012-05-21 10:40:59'),(58,1,'127.0.0.1','2012-05-21 10:54:13',NULL,'Mozilla/4.0 (compatible; MSIE 8.0; Windows NT 5.1; Trident/4.0; .NET CLR 2.0.50727)','2012-05-21 10:54:13'),(59,1,'127.0.0.1','2012-05-21 11:00:11',NULL,'Mozilla/4.0 (compatible; MSIE 8.0; Windows NT 5.1; Trident/4.0; .NET CLR 2.0.50727)','2012-05-21 11:00:11'),(60,1,'127.0.0.1','2012-05-21 11:31:02',NULL,'Mozilla/5.0 (Windows NT 5.1) AppleWebKit/536.5 (KHTML, like Gecko) Chrome/19.0.1084.46 Safari/536.5','2012-05-21 11:31:02'),(61,1,'127.0.0.1','2012-05-21 11:34:40','2012-05-21 11:40:45','Mozilla/5.0 (Windows NT 5.1; rv:12.0) Gecko/20100101 Firefox/12.0','2012-05-21 11:40:45'),(62,1,'127.0.0.1','2012-05-21 11:44:52',NULL,'Mozilla/5.0 (Windows NT 5.1; rv:12.0) Gecko/20100101 Firefox/12.0','2012-05-21 11:44:52'),(63,1,'127.0.0.1','2012-05-21 15:52:19',NULL,'Mozilla/5.0 (Windows NT 6.1; rv:12.0) Gecko/20100101 Firefox/12.0','2012-05-21 15:52:19'),(64,1,'127.0.0.1','2012-05-21 19:01:52','2012-05-21 19:03:43','Mozilla/5.0 (Windows NT 5.1; rv:12.0) Gecko/20100101 Firefox/12.0','2012-05-21 19:03:43'),(65,1,'127.0.0.1','2012-05-21 19:02:29',NULL,'Mozilla/4.0 (compatible; MSIE 8.0; Windows NT 5.1; Trident/4.0; .NET CLR 2.0.50727)','2012-05-21 19:02:29'),(66,1,'127.0.0.1','2012-05-22 09:41:08','2012-05-22 10:13:52','Mozilla/4.0 (compatible; MSIE 8.0; Windows NT 6.1; Trident/4.0; SLCC2; .NET CLR 2.0.50727; .NET CLR 3.5.30729; .NET CLR 3.0.30729; Media Center PC 6.0; InfoPath.2)','2012-05-22 10:13:52'),(67,1,'127.0.0.1','2012-05-22 09:42:49',NULL,'Mozilla/5.0 (Windows NT 6.1; rv:12.0) Gecko/20100101 Firefox/12.0','2012-05-22 09:42:49'),(68,1,'127.0.0.1','2012-05-22 09:52:02',NULL,'Mozilla/5.0 (Windows NT 6.1; rv:12.0) Gecko/20100101 Firefox/12.0','2012-05-22 09:52:02'),(69,1,'127.0.0.1','2012-05-22 09:56:37',NULL,'Mozilla/5.0 (Windows NT 6.1; rv:12.0) Gecko/20100101 Firefox/12.0','2012-05-22 09:56:37'),(70,4,'127.0.0.1','2012-05-22 10:13:46',NULL,'Mozilla/5.0 (Windows NT 6.1) AppleWebKit/536.5 (KHTML, like Gecko) Chrome/19.0.1084.46 Safari/536.5','2012-05-22 10:13:46'),(71,2,'127.0.0.1','2012-05-22 10:14:16',NULL,'Mozilla/4.0 (compatible; MSIE 8.0; Windows NT 6.1; Trident/4.0; SLCC2; .NET CLR 2.0.50727; .NET CLR 3.5.30729; .NET CLR 3.0.30729; Media Center PC 6.0; InfoPath.2)','2012-05-22 10:14:16'),(72,1,'127.0.0.1','2012-05-22 10:29:52',NULL,'Mozilla/5.0 (Windows NT 5.1; rv:12.0) Gecko/20100101 Firefox/12.0','2012-05-22 10:29:52'),(73,1,'127.0.0.1','2012-05-22 10:39:20','2012-05-22 10:49:33','Mozilla/5.0 (Windows NT 6.1; rv:12.0) Gecko/20100101 Firefox/12.0','2012-05-22 10:49:33'),(74,2,'127.0.0.1','2012-05-22 10:39:36','2012-05-22 11:14:32','Mozilla/4.0 (compatible; MSIE 8.0; Windows NT 6.1; Trident/4.0; SLCC2; .NET CLR 2.0.50727; .NET CLR 3.5.30729; .NET CLR 3.0.30729; Media Center PC 6.0; InfoPath.2)','2012-05-22 11:14:32'),(75,1,'127.0.0.1','2012-05-22 10:39:48','2012-05-22 10:39:59','Mozilla/5.0 (Windows NT 6.1) AppleWebKit/536.5 (KHTML, like Gecko) Chrome/19.0.1084.46 Safari/536.5','2012-05-22 10:39:59'),(76,4,'127.0.0.1','2012-05-22 10:40:06','2012-05-22 11:00:48','Mozilla/5.0 (Windows NT 6.1) AppleWebKit/536.5 (KHTML, like Gecko) Chrome/19.0.1084.46 Safari/536.5','2012-05-22 11:00:48'),(77,4,'127.0.0.1','2012-05-22 10:49:40','2012-05-22 11:27:15','Mozilla/5.0 (Windows NT 6.1; rv:12.0) Gecko/20100101 Firefox/12.0','2012-05-22 11:27:15'),(78,1,'127.0.0.1','2012-05-22 11:00:54',NULL,'Mozilla/5.0 (Windows NT 6.1) AppleWebKit/536.5 (KHTML, like Gecko) Chrome/19.0.1084.46 Safari/536.5','2012-05-22 11:00:54'),(79,5,'127.0.0.1','2012-05-22 11:14:37','2012-05-22 11:15:02','Mozilla/4.0 (compatible; MSIE 8.0; Windows NT 6.1; Trident/4.0; SLCC2; .NET CLR 2.0.50727; .NET CLR 3.5.30729; .NET CLR 3.0.30729; Media Center PC 6.0; InfoPath.2)','2012-05-22 11:15:02'),(80,6,'127.0.0.1','2012-05-22 11:15:09','2012-05-22 11:15:32','Mozilla/4.0 (compatible; MSIE 8.0; Windows NT 6.1; Trident/4.0; SLCC2; .NET CLR 2.0.50727; .NET CLR 3.5.30729; .NET CLR 3.0.30729; Media Center PC 6.0; InfoPath.2)','2012-05-22 11:15:32'),(81,6,'127.0.0.1','2012-05-22 11:15:38',NULL,'Mozilla/4.0 (compatible; MSIE 8.0; Windows NT 6.1; Trident/4.0; SLCC2; .NET CLR 2.0.50727; .NET CLR 3.5.30729; .NET CLR 3.0.30729; Media Center PC 6.0; InfoPath.2)','2012-05-22 11:15:38'),(82,2,'127.0.0.1','2012-05-22 11:27:20','2012-05-22 11:28:08','Mozilla/5.0 (Windows NT 6.1; rv:12.0) Gecko/20100101 Firefox/12.0','2012-05-22 11:28:08'),(83,4,'127.0.0.1','2012-05-22 11:28:14','2012-05-22 11:29:07','Mozilla/5.0 (Windows NT 6.1; rv:12.0) Gecko/20100101 Firefox/12.0','2012-05-22 11:29:07'),(84,5,'127.0.0.1','2012-05-22 11:29:13','2012-05-22 11:29:39','Mozilla/5.0 (Windows NT 6.1; rv:12.0) Gecko/20100101 Firefox/12.0','2012-05-22 11:29:39'),(85,6,'127.0.0.1','2012-05-22 11:29:45','2012-05-22 12:00:57','Mozilla/5.0 (Windows NT 6.1; rv:12.0) Gecko/20100101 Firefox/12.0','2012-05-22 12:00:57'),(86,1,'127.0.0.1','2012-05-23 15:17:51','2012-05-23 15:18:17','Mozilla/5.0 (Windows NT 5.1; rv:2.0) Gecko/20100101 Firefox/4.0','2012-05-23 15:18:21'),(87,4,'127.0.0.1','2012-05-23 15:18:26',NULL,'Mozilla/5.0 (Windows NT 5.1; rv:2.0) Gecko/20100101 Firefox/4.0','2012-05-23 15:18:29'),(88,1,'127.0.0.1','2012-05-27 10:08:25',NULL,'Mozilla/5.0 (Windows NT 6.1; rv:12.0) Gecko/20100101 Firefox/12.0','2012-05-27 10:08:25'),(89,1,'127.0.0.1','2012-05-27 10:31:23',NULL,'Mozilla/5.0 (Windows NT 5.1; rv:12.0) Gecko/20100101 Firefox/12.0','2012-05-27 10:31:22'),(90,1,'127.0.0.1','2012-05-27 12:43:59',NULL,'Mozilla/4.0 (compatible; MSIE 8.0; Windows NT 5.1; Trident/4.0; .NET CLR 2.0.50727)','2012-05-27 12:43:59'),(91,1,'127.0.0.1','2012-05-27 15:04:38',NULL,'Mozilla/4.0 (compatible; MSIE 8.0; Windows NT 5.1; Trident/4.0; .NET CLR 2.0.50727)','2012-05-27 15:04:38'),(92,1,'127.0.0.1','2012-05-27 16:46:27',NULL,'Mozilla/5.0 (Windows NT 5.1; rv:12.0) Gecko/20100101 Firefox/12.0','2012-05-27 16:46:27'),(93,1,'127.0.0.1','2012-05-28 10:23:55',NULL,'Mozilla/5.0 (Windows NT 5.1; rv:12.0) Gecko/20100101 Firefox/12.0','2012-05-28 10:23:55'),(94,1,'127.0.0.1','2012-05-28 10:24:00',NULL,'Mozilla/5.0 (Windows NT 5.1; rv:12.0) Gecko/20100101 Firefox/12.0','2012-05-28 10:24:00'),(95,1,'127.0.0.1','2012-05-28 12:24:23','2012-05-28 18:27:46','Mozilla/5.0 (Windows NT 5.1; rv:12.0) Gecko/20100101 Firefox/12.0','2012-05-28 18:27:46'),(96,1,'127.0.0.1','2012-05-28 17:00:35',NULL,'Mozilla/4.0 (compatible; MSIE 8.0; Windows NT 5.1; Trident/4.0; .NET CLR 2.0.50727; AskTbARS/5.14.1.20007)','2012-05-28 17:00:35'),(97,2,'127.0.0.1','2012-05-28 18:28:23',NULL,'Mozilla/5.0 (Windows NT 5.1; rv:12.0) Gecko/20100101 Firefox/12.0','2012-05-28 18:28:23'),(98,1,'127.0.0.1','2012-05-28 18:52:15',NULL,'Mozilla/5.0 (Windows NT 5.1; rv:12.0) Gecko/20100101 Firefox/12.0','2012-05-28 18:52:15'),(99,1,'127.0.0.1','2012-05-29 10:02:56','2012-05-29 11:14:28','Mozilla/5.0 (Windows NT 5.1; rv:12.0) Gecko/20100101 Firefox/12.0','2012-05-29 11:14:28'),(100,4,'127.0.0.1','2012-05-29 11:14:44','2012-05-29 11:14:54','Mozilla/5.0 (Windows NT 5.1; rv:12.0) Gecko/20100101 Firefox/12.0','2012-05-29 11:14:54'),(101,1,'127.0.0.1','2012-05-29 11:14:57','2012-05-29 11:15:30','Mozilla/5.0 (Windows NT 5.1; rv:12.0) Gecko/20100101 Firefox/12.0','2012-05-29 11:15:30'),(102,2,'127.0.0.1','2012-05-29 11:15:38','2012-05-29 11:17:30','Mozilla/5.0 (Windows NT 5.1; rv:12.0) Gecko/20100101 Firefox/12.0','2012-05-29 11:17:30'),(103,1,'127.0.0.1','2012-05-29 11:17:35',NULL,'Mozilla/5.0 (Windows NT 5.1; rv:12.0) Gecko/20100101 Firefox/12.0','2012-05-29 11:17:35'),(104,1,'127.0.0.1','2012-05-29 11:47:08','2012-05-29 11:48:20','Mozilla/5.0 (Windows NT 6.1; rv:12.0) Gecko/20100101 Firefox/12.0','2012-05-29 11:48:20'),(105,2,'127.0.0.1','2012-05-29 11:48:37','2012-05-29 11:55:24','Mozilla/5.0 (Windows NT 6.1; rv:12.0) Gecko/20100101 Firefox/12.0','2012-05-29 11:55:24'),(106,1,'127.0.0.1','2012-05-29 12:44:47',NULL,'Mozilla/5.0 (Windows NT 6.1; rv:12.0) Gecko/20100101 Firefox/12.0','2012-05-29 12:44:47'),(107,1,'127.0.0.1','2012-05-30 11:37:57','2012-05-30 11:38:28','Mozilla/5.0 (Windows NT 6.1; rv:12.0) Gecko/20100101 Firefox/12.0','2012-05-30 11:38:28'),(108,1,'127.0.0.1','2012-06-06 14:31:41','2012-06-06 14:58:00','Mozilla/5.0 (Windows NT 6.1; rv:12.0) Gecko/20100101 Firefox/12.0','2012-06-06 14:58:00'),(109,1,'127.0.0.1','2012-06-10 16:58:16',NULL,'Mozilla/5.0 (Windows NT 5.1; rv:12.0) Gecko/20100101 Firefox/12.0','2012-06-10 16:58:16'),(110,1,'127.0.0.1','2012-06-10 17:17:16',NULL,'Mozilla/5.0 (Windows NT 5.1; rv:12.0) Gecko/20100101 Firefox/12.0','2012-06-10 17:17:16'),(111,1,'127.0.0.1','2012-06-11 09:35:13','2012-06-11 17:40:15','Mozilla/5.0 (Windows NT 5.1; rv:12.0) Gecko/20100101 Firefox/12.0','2012-06-11 17:40:15'),(112,2,'127.0.0.1','2012-06-11 17:40:41','2012-06-11 17:42:02','Mozilla/5.0 (Windows NT 5.1; rv:12.0) Gecko/20100101 Firefox/12.0','2012-06-11 17:42:02'),(113,4,'127.0.0.1','2012-06-11 17:42:06','2012-06-11 17:42:17','Mozilla/5.0 (Windows NT 5.1; rv:12.0) Gecko/20100101 Firefox/12.0','2012-06-11 17:42:17'),(114,1,'127.0.0.1','2012-06-11 17:42:21',NULL,'Mozilla/5.0 (Windows NT 5.1; rv:12.0) Gecko/20100101 Firefox/12.0','2012-06-11 17:42:21'),(115,1,'127.0.0.1','2012-06-12 10:14:32',NULL,'Mozilla/5.0 (Windows NT 5.1; rv:12.0) Gecko/20100101 Firefox/12.0','2012-06-12 10:14:32'),(116,1,'127.0.0.1','2012-06-12 10:50:01',NULL,'Mozilla/5.0 (Windows NT 6.1; rv:12.0) Gecko/20100101 Firefox/12.0','2012-06-12 10:50:01'),(117,1,'127.0.0.1','2012-07-03 16:24:59',NULL,'Mozilla/5.0 (Windows NT 6.1; rv:13.0) Gecko/20100101 Firefox/13.0.1','2012-07-03 16:24:59'),(118,1,'127.0.0.1','2012-07-10 13:39:04',NULL,'Mozilla/5.0 (Windows NT 6.1; rv:13.0) Gecko/20100101 Firefox/13.0.1','2012-07-10 13:39:04'),(119,1,'127.0.0.1','2012-07-22 14:21:06',NULL,'Mozilla/5.0 (Windows NT 5.1; rv:14.0) Gecko/20100101 Firefox/14.0.1','2012-07-22 14:21:06'),(120,1,'127.0.0.1','2012-07-22 14:25:09',NULL,'Mozilla/4.0 (compatible; MSIE 8.0; Windows NT 5.1; Trident/4.0; .NET CLR 2.0.50727; AskTbARS/5.14.1.20007)','2012-07-22 14:25:09'),(121,1,'127.0.0.1','2012-07-23 10:58:44','2012-07-23 11:01:13','Mozilla/5.0 (Windows NT 5.1; rv:14.0) Gecko/20100101 Firefox/14.0.1','2012-07-23 11:01:13'),(122,1,'127.0.0.1','2012-07-23 11:01:25','2012-07-23 11:02:28','Mozilla/5.0 (Windows NT 5.1; rv:14.0) Gecko/20100101 Firefox/14.0.1','2012-07-23 11:02:28'),(123,4,'127.0.0.1','2012-07-23 11:02:32','2012-07-23 11:06:15','Mozilla/5.0 (Windows NT 5.1; rv:14.0) Gecko/20100101 Firefox/14.0.1','2012-07-23 11:06:15'),(124,1,'127.0.0.1','2012-07-24 10:42:51','2012-07-24 10:43:36','Mozilla/5.0 (Windows NT 5.1; rv:14.0) Gecko/20100101 Firefox/14.0.1','2012-07-24 10:43:35'),(125,4,'127.0.0.1','2012-07-24 10:43:40',NULL,'Mozilla/5.0 (Windows NT 5.1; rv:14.0) Gecko/20100101 Firefox/14.0.1','2012-07-24 10:43:39'),(126,1,'127.0.0.1','2012-07-24 10:45:37','2012-07-24 10:45:42','Mozilla/4.0 (compatible; MSIE 8.0; Windows NT 5.1; Trident/4.0; .NET CLR 2.0.50727)','2012-07-24 10:45:42'),(127,4,'127.0.0.1','2012-07-24 10:45:47',NULL,'Mozilla/4.0 (compatible; MSIE 8.0; Windows NT 5.1; Trident/4.0; .NET CLR 2.0.50727)','2012-07-24 10:45:47'),(128,1,'127.0.0.1','2012-07-24 12:09:29',NULL,'Mozilla/5.0 (Windows NT 6.1; rv:14.0) Gecko/20100101 Firefox/14.0.1','2012-07-24 12:09:29'),(129,1,'127.0.0.1','2012-07-24 14:05:32',NULL,'Mozilla/5.0 (Windows NT 5.1; rv:14.0) Gecko/20100101 Firefox/14.0.1','2012-07-24 14:05:32'),(130,1,'127.0.0.1','2012-07-26 12:13:26',NULL,'Mozilla/4.0 (compatible; MSIE 8.0; Windows NT 5.1; Trident/4.0; .NET CLR 2.0.50727)','2012-07-26 12:13:26'),(131,1,'127.0.0.1','2012-08-01 13:04:07','2012-08-01 13:04:29','Mozilla/5.0 (Windows NT 5.1; rv:14.0) Gecko/20100101 Firefox/14.0.1','2012-08-01 13:04:29'),(132,1,'127.0.0.1','2012-08-01 13:05:08',NULL,'Mozilla/4.0 (compatible; MSIE 8.0; Windows NT 5.1; Trident/4.0; .NET CLR 2.0.50727)','2012-08-01 13:05:08'),(133,1,'127.0.0.1','2012-08-01 13:14:17','2012-08-01 13:15:05','Mozilla/4.0 (compatible; MSIE 8.0; Windows NT 5.1; Trident/4.0; .NET CLR 2.0.50727)','2012-08-01 13:15:05'),(134,1,'127.0.0.1','2012-08-01 13:45:24',NULL,'Mozilla/4.0 (compatible; MSIE 8.0; Windows NT 5.1; Trident/4.0; .NET CLR 2.0.50727)','2012-08-01 13:45:24'),(135,1,'127.0.0.1','2012-08-01 14:38:25',NULL,'Mozilla/4.0 (compatible; MSIE 7.0; Windows NT 5.1; Trident/4.0; .NET CLR 2.0.50727)','2012-08-01 14:38:25'),(136,1,'127.0.0.1','2012-08-01 14:39:14',NULL,'Mozilla/4.0 (compatible; MSIE 8.0; Windows NT 5.1; Trident/4.0; .NET CLR 2.0.50727)','2012-08-01 14:39:14'),(137,1,'127.0.0.1','2012-08-01 14:57:05','2012-08-01 15:01:33','Mozilla/5.0 (Windows NT 5.1; rv:14.0) Gecko/20100101 Firefox/14.0.1','2012-08-01 15:01:33'),(138,4,'127.0.0.1','2012-08-01 15:01:37','2012-08-01 15:01:50','Mozilla/5.0 (Windows NT 5.1; rv:14.0) Gecko/20100101 Firefox/14.0.1','2012-08-01 15:01:50'),(139,5,'127.0.0.1','2012-08-01 15:01:58','2012-08-01 15:16:49','Mozilla/5.0 (Windows NT 5.1; rv:14.0) Gecko/20100101 Firefox/14.0.1','2012-08-01 15:16:49'),(140,1,'127.0.0.1','2012-08-01 15:16:55',NULL,'Mozilla/5.0 (Windows NT 5.1; rv:14.0) Gecko/20100101 Firefox/14.0.1','2012-08-01 15:16:55'),(141,1,'127.0.0.1','2012-08-02 09:19:30','2012-08-02 09:44:03','Mozilla/5.0 (Windows NT 5.1; rv:14.0) Gecko/20100101 Firefox/14.0.1','2012-08-02 09:44:02'),(142,7,'127.0.0.1','2012-08-02 09:44:08','2012-08-02 09:45:06','Mozilla/5.0 (Windows NT 5.1; rv:14.0) Gecko/20100101 Firefox/14.0.1','2012-08-02 09:45:06'),(143,1,'127.0.0.1','2012-08-02 09:45:09','2012-08-02 09:53:51','Mozilla/5.0 (Windows NT 5.1; rv:14.0) Gecko/20100101 Firefox/14.0.1','2012-08-02 09:53:51'),(144,7,'127.0.0.1','2012-08-02 09:53:56','2012-08-02 09:54:50','Mozilla/5.0 (Windows NT 5.1; rv:14.0) Gecko/20100101 Firefox/14.0.1','2012-08-02 09:54:50'),(145,1,'127.0.0.1','2012-08-02 09:54:54','2012-08-02 09:57:02','Mozilla/5.0 (Windows NT 5.1; rv:14.0) Gecko/20100101 Firefox/14.0.1','2012-08-02 09:57:02'),(146,7,'127.0.0.1','2012-08-02 09:57:08','2012-08-02 10:05:19','Mozilla/5.0 (Windows NT 5.1; rv:14.0) Gecko/20100101 Firefox/14.0.1','2012-08-02 10:05:18'),(147,1,'127.0.0.1','2012-08-02 10:05:23','2012-08-02 10:07:16','Mozilla/5.0 (Windows NT 5.1; rv:14.0) Gecko/20100101 Firefox/14.0.1','2012-08-02 10:07:16'),(148,7,'127.0.0.1','2012-08-02 10:07:29','2012-08-02 10:13:00','Mozilla/5.0 (Windows NT 5.1; rv:14.0) Gecko/20100101 Firefox/14.0.1','2012-08-02 10:13:00'),(149,1,'127.0.0.1','2012-08-02 10:13:05','2012-08-02 10:23:57','Mozilla/5.0 (Windows NT 5.1; rv:14.0) Gecko/20100101 Firefox/14.0.1','2012-08-02 10:23:57'),(150,7,'127.0.0.1','2012-08-02 10:24:01','2012-08-02 10:25:32','Mozilla/5.0 (Windows NT 5.1; rv:14.0) Gecko/20100101 Firefox/14.0.1','2012-08-02 10:25:32'),(151,1,'127.0.0.1','2012-08-02 10:25:35','2012-08-02 10:26:27','Mozilla/5.0 (Windows NT 5.1; rv:14.0) Gecko/20100101 Firefox/14.0.1','2012-08-02 10:26:27'),(152,7,'127.0.0.1','2012-08-02 10:26:31','2012-08-02 10:51:35','Mozilla/5.0 (Windows NT 5.1; rv:14.0) Gecko/20100101 Firefox/14.0.1','2012-08-02 10:51:35'),(153,1,'127.0.0.1','2012-08-02 10:51:38','2012-08-02 11:04:58','Mozilla/5.0 (Windows NT 5.1; rv:14.0) Gecko/20100101 Firefox/14.0.1','2012-08-02 11:04:58'),(154,1,'127.0.0.1','2012-08-02 11:05:01','2012-08-02 11:08:19','Mozilla/5.0 (Windows NT 5.1; rv:14.0) Gecko/20100101 Firefox/14.0.1','2012-08-02 11:08:19'),(155,7,'127.0.0.1','2012-08-02 11:08:24','2012-08-02 11:08:31','Mozilla/5.0 (Windows NT 5.1; rv:14.0) Gecko/20100101 Firefox/14.0.1','2012-08-02 11:08:31'),(156,1,'127.0.0.1','2012-08-02 11:08:34','2012-08-02 11:09:15','Mozilla/5.0 (Windows NT 5.1; rv:14.0) Gecko/20100101 Firefox/14.0.1','2012-08-02 11:09:15'),(157,7,'127.0.0.1','2012-08-02 11:09:19','2012-08-02 11:10:09','Mozilla/5.0 (Windows NT 5.1; rv:14.0) Gecko/20100101 Firefox/14.0.1','2012-08-02 11:10:09'),(158,1,'127.0.0.1','2012-08-02 11:10:13','2012-08-02 11:10:34','Mozilla/5.0 (Windows NT 5.1; rv:14.0) Gecko/20100101 Firefox/14.0.1','2012-08-02 11:10:34'),(159,7,'127.0.0.1','2012-08-02 11:10:39','2012-08-02 11:13:17','Mozilla/5.0 (Windows NT 5.1; rv:14.0) Gecko/20100101 Firefox/14.0.1','2012-08-02 11:13:17'),(160,1,'127.0.0.1','2012-08-02 11:13:20','2012-08-02 11:13:39','Mozilla/5.0 (Windows NT 5.1; rv:14.0) Gecko/20100101 Firefox/14.0.1','2012-08-02 11:13:39'),(161,4,'127.0.0.1','2012-08-02 11:13:43',NULL,'Mozilla/5.0 (Windows NT 5.1; rv:14.0) Gecko/20100101 Firefox/14.0.1','2012-08-02 11:13:43'),(162,1,'127.0.0.1','2012-08-02 16:19:41',NULL,'Mozilla/4.0 (compatible; MSIE 8.0; Windows NT 5.1; Trident/4.0; .NET CLR 2.0.50727)','2012-08-02 16:19:41'),(163,1,'127.0.0.1','2012-08-05 08:58:43',NULL,'Mozilla/5.0 (Windows NT 5.1; rv:14.0) Gecko/20100101 Firefox/14.0.1','2012-08-05 08:58:41'),(164,1,'127.0.0.1','2012-08-07 16:14:42',NULL,'Mozilla/5.0 (Windows NT 5.1; rv:14.0) Gecko/20100101 Firefox/14.0.1','2012-08-07 16:14:42'),(165,1,'127.0.0.1','2012-08-08 09:02:53','2012-08-08 09:20:35','Mozilla/5.0 (Windows NT 5.1; rv:14.0) Gecko/20100101 Firefox/14.0.1','2012-08-08 09:20:35'),(166,1,'127.0.0.1','2012-08-08 15:59:55','2012-08-08 16:19:19','Mozilla/5.0 (Windows NT 6.1; rv:14.0) Gecko/20100101 Firefox/14.0.1','2012-08-08 16:19:19'),(167,1,'127.0.0.1','2012-08-09 13:57:08',NULL,'Mozilla/4.0 (compatible; MSIE 8.0; Windows NT 5.1; Trident/4.0; .NET CLR 2.0.50727)','2012-08-09 13:57:08'),(168,1,'127.0.0.1','2012-08-09 14:16:31',NULL,'Mozilla/5.0 (Windows NT 5.1; rv:14.0) Gecko/20100101 Firefox/14.0.1','2012-08-09 14:16:31'),(169,1,'127.0.0.1','2012-08-09 16:07:08','2012-08-09 16:20:18','Mozilla/5.0 (Windows NT 5.1; rv:14.0) Gecko/20100101 Firefox/14.0.1','2012-08-09 16:20:18'),(170,1,'127.0.0.1','2012-08-09 16:09:22',NULL,'Mozilla/5.0 (Windows NT 6.1; rv:14.0) Gecko/20100101 Firefox/14.0.1','2012-08-09 16:09:22'),(171,1,'127.0.0.1','2012-08-12 11:56:15','2012-08-12 11:57:30','Mozilla/5.0 (Windows NT 5.1; rv:14.0) Gecko/20100101 Firefox/14.0.1','2012-08-12 11:57:30'),(172,1,'127.0.0.1','2012-08-12 11:57:34','2012-08-12 12:03:01','Mozilla/5.0 (Windows NT 5.1; rv:14.0) Gecko/20100101 Firefox/14.0.1','2012-08-12 12:03:01'),(173,1,'127.0.0.1','2012-08-12 12:00:14','2012-08-12 12:02:12','Mozilla/5.0 (Windows NT 6.1; rv:14.0) Gecko/20100101 Firefox/14.0.1','2012-08-12 12:02:12'),(174,4,'127.0.0.1','2012-08-12 12:02:19','2012-08-12 12:02:51','Mozilla/5.0 (Windows NT 6.1; rv:14.0) Gecko/20100101 Firefox/14.0.1','2012-08-12 12:02:51'),(175,1,'127.0.0.1','2012-08-12 12:03:04','2012-08-12 12:06:23','Mozilla/5.0 (Windows NT 5.1; rv:14.0) Gecko/20100101 Firefox/14.0.1','2012-08-12 12:06:23'),(176,1,'127.0.0.1','2012-08-12 16:29:35',NULL,'Mozilla/5.0 (Windows NT 6.1; rv:14.0) Gecko/20100101 Firefox/14.0.1','2012-08-12 16:29:35'),(177,1,'127.0.0.1','2012-08-13 12:39:35',NULL,'Mozilla/5.0 (Windows NT 5.1; rv:14.0) Gecko/20100101 Firefox/14.0.1','2012-08-13 12:39:35'),(178,1,'127.0.0.1','2012-08-13 14:26:18','2012-08-13 14:26:53','Mozilla/5.0 (Windows NT 5.1; rv:14.0) Gecko/20100101 Firefox/14.0.1','2012-08-13 14:26:53'),(179,4,'127.0.0.1','2012-08-13 14:26:59',NULL,'Mozilla/5.0 (Windows NT 5.1; rv:14.0) Gecko/20100101 Firefox/14.0.1','2012-08-13 14:26:59'),(180,1,'127.0.0.1','2012-08-26 10:45:16',NULL,'Mozilla/5.0 (Windows NT 5.1; rv:14.0) Gecko/20100101 Firefox/14.0.1','2012-08-26 10:45:16'),(181,1,'127.0.0.1','2012-08-26 10:45:20',NULL,'Mozilla/5.0 (Windows NT 5.1; rv:14.0) Gecko/20100101 Firefox/14.0.1','2012-08-26 10:45:20'),(182,1,'127.0.0.1','2012-08-26 14:27:58',NULL,'Mozilla/5.0 (Windows NT 5.1; rv:14.0) Gecko/20100101 Firefox/14.0.1','2012-08-26 14:27:56'),(183,1,'127.0.0.1','2012-08-26 15:32:34','2012-08-26 15:48:39','Mozilla/5.0 (Windows NT 5.1; rv:14.0) Gecko/20100101 Firefox/14.0.1','2012-08-26 15:48:39'),(184,1,'127.0.0.1','2012-08-26 15:48:44','2012-08-26 15:56:40','Mozilla/5.0 (Windows NT 5.1; rv:14.0) Gecko/20100101 Firefox/14.0.1','2012-08-26 15:56:40'),(185,1,'127.0.0.1','2012-08-26 15:56:44','2012-08-26 15:59:26','Mozilla/5.0 (Windows NT 5.1; rv:14.0) Gecko/20100101 Firefox/14.0.1','2012-08-26 15:59:26'),(186,4,'127.0.0.1','2012-08-26 15:59:29','2012-08-26 16:00:52','Mozilla/5.0 (Windows NT 5.1; rv:14.0) Gecko/20100101 Firefox/14.0.1','2012-08-26 16:00:52'),(187,1,'127.0.0.1','2012-08-26 16:00:55',NULL,'Mozilla/5.0 (Windows NT 5.1; rv:14.0) Gecko/20100101 Firefox/14.0.1','2012-08-26 16:00:55'),(188,1,'127.0.0.1','2012-08-26 18:34:58',NULL,'Mozilla/4.0 (compatible; MSIE 8.0; Windows NT 5.1; Trident/4.0; .NET CLR 2.0.50727)','2012-08-26 18:34:58'),(189,1,'127.0.0.1','2012-08-27 10:09:16','2012-08-27 10:48:30','Mozilla/5.0 (Windows NT 5.1; rv:14.0) Gecko/20100101 Firefox/14.0.1','2012-08-27 10:48:30'),(190,4,'127.0.0.1','2012-08-27 10:48:34',NULL,'Mozilla/5.0 (Windows NT 5.1; rv:14.0) Gecko/20100101 Firefox/14.0.1','2012-08-27 10:48:34'),(191,1,'127.0.0.1','2012-08-28 10:07:41','2012-08-28 10:30:35','Mozilla/5.0 (Windows NT 5.1; rv:14.0) Gecko/20100101 Firefox/14.0.1','2012-08-28 10:30:34'),(192,1,'127.0.0.1','2012-08-28 10:18:17',NULL,'Mozilla/5.0 (Windows NT 6.1; rv:14.0) Gecko/20100101 Firefox/14.0.1','2012-08-28 10:18:17'),(193,4,'127.0.0.1','2012-08-28 10:30:38','2012-08-28 10:30:41','Mozilla/5.0 (Windows NT 5.1; rv:14.0) Gecko/20100101 Firefox/14.0.1','2012-08-28 10:30:41'),(194,1,'127.0.0.1','2012-08-28 10:30:44','2012-08-28 10:47:51','Mozilla/5.0 (Windows NT 5.1; rv:14.0) Gecko/20100101 Firefox/14.0.1','2012-08-28 10:47:51'),(195,1,'127.0.0.1','2012-08-28 10:48:04','2012-08-28 10:48:28','Mozilla/5.0 (Windows NT 5.1; rv:14.0) Gecko/20100101 Firefox/14.0.1','2012-08-28 10:48:28'),(196,4,'127.0.0.1','2012-08-28 10:48:39','2012-08-28 10:48:49','Mozilla/5.0 (Windows NT 5.1; rv:14.0) Gecko/20100101 Firefox/14.0.1','2012-08-28 10:48:49'),(197,1,'127.0.0.1','2012-08-28 10:48:52',NULL,'Mozilla/5.0 (Windows NT 5.1; rv:14.0) Gecko/20100101 Firefox/14.0.1','2012-08-28 10:48:52'),(198,1,'127.0.0.1','2012-08-28 17:24:27',NULL,'Mozilla/5.0 (Windows NT 6.1; rv:14.0) Gecko/20100101 Firefox/14.0.1','2012-08-28 17:24:28'),(199,1,'127.0.0.1','2012-08-29 09:51:53',NULL,'Mozilla/5.0 (Windows NT 5.1; rv:14.0) Gecko/20100101 Firefox/14.0.1','2012-08-29 09:51:48'),(200,1,'127.0.0.1','2012-08-30 16:19:53',NULL,'Mozilla/5.0 (Windows NT 5.1; rv:14.0) Gecko/20100101 Firefox/14.0.1','2012-08-30 16:19:53'),(201,1,'127.0.0.1','2012-08-30 16:44:26','2012-08-30 17:29:36','Mozilla/5.0 (Windows NT 5.1; rv:14.0) Gecko/20100101 Firefox/14.0.1','2012-08-30 17:29:36'),(202,1,'127.0.0.1','2012-09-02 10:03:44',NULL,'Mozilla/5.0 (Windows NT 5.1; rv:14.0) Gecko/20100101 Firefox/14.0.1','2012-09-02 10:03:38'),(203,1,'127.0.0.1','2012-09-02 13:46:21',NULL,'Mozilla/5.0 (Windows NT 5.1; rv:14.0) Gecko/20100101 Firefox/14.0.1','2012-09-02 13:46:21'),(204,1,'127.0.0.1','2012-09-02 13:47:36',NULL,'Mozilla/4.0 (compatible; MSIE 8.0; Windows NT 5.1; Trident/4.0; .NET CLR 2.0.50727)','2012-09-02 13:47:36'),(205,1,'127.0.0.1','2012-09-03 13:51:38',NULL,'Mozilla/5.0 (Windows NT 5.1; rv:15.0) Gecko/20100101 Firefox/15.0','2012-09-03 13:51:38'),(206,1,'127.0.0.1','2012-09-05 13:17:08',NULL,'Mozilla/5.0 (Windows NT 6.1; rv:15.0) Gecko/20100101 Firefox/15.0','2012-09-05 13:17:08'),(207,1,'127.0.0.1','2012-09-06 09:46:44',NULL,'Mozilla/5.0 (Windows NT 6.1; rv:15.0) Gecko/20100101 Firefox/15.0','2012-09-06 09:46:44'),(208,1,'127.0.0.1','2012-09-06 10:15:32',NULL,'Mozilla/5.0 (Windows NT 6.1; rv:15.0) Gecko/20100101 Firefox/15.0','2012-09-06 10:15:32'),(209,1,'192.168.50.140','2012-09-06 10:16:24','2012-09-06 10:16:38','Mozilla/5.0 (Windows NT 6.1; rv:15.0) Gecko/20100101 Firefox/15.0','2012-09-06 10:16:38'),(210,1,'192.168.50.140','2012-09-06 10:16:45',NULL,'Mozilla/5.0 (Windows NT 6.1; rv:15.0) Gecko/20100101 Firefox/15.0','2012-09-06 10:16:45'),(211,1,'192.168.50.140','2012-09-06 10:17:56',NULL,'Mozilla/5.0 (Windows NT 6.1; rv:15.0) Gecko/20100101 Firefox/15.0','2012-09-06 10:17:56'),(212,1,'192.168.50.50','2012-09-06 10:20:43',NULL,'Mozilla/5.0 (Windows NT 6.1; WOW64; rv:12.0) Gecko/20100101 Firefox/12.0','2012-09-06 10:20:43'),(213,1,'192.168.50.139','2012-09-09 14:18:28',NULL,'Mozilla/5.0 (Windows NT 5.1; rv:15.0) Gecko/20100101 Firefox/15.0','2012-09-09 14:18:28'),(214,1,'127.0.0.1','2012-09-09 17:18:10',NULL,'Mozilla/5.0 (Windows NT 6.1; rv:15.0) Gecko/20100101 Firefox/15.0','2012-09-09 17:18:10'),(215,1,'127.0.0.1','2012-09-11 12:41:46','2012-09-11 12:46:11','Mozilla/5.0 (Windows NT 6.1; rv:15.0) Gecko/20100101 Firefox/15.0.1 FirePHP/0.7.1','2012-09-11 12:46:11'),(216,1,'127.0.0.1','2012-09-11 12:46:28','2012-09-11 12:47:01','Mozilla/5.0 (Windows NT 6.1; rv:15.0) Gecko/20100101 Firefox/15.0.1 FirePHP/0.7.1','2012-09-11 12:47:01'),(217,4,'127.0.0.1','2012-09-11 12:47:05',NULL,'Mozilla/5.0 (Windows NT 6.1; rv:15.0) Gecko/20100101 Firefox/15.0.1 FirePHP/0.7.1','2012-09-11 12:47:05'),(218,1,'192.168.50.139','2012-09-11 13:48:40',NULL,'Mozilla/5.0 (Windows NT 5.1; rv:15.0) Gecko/20100101 Firefox/15.0.1','2012-09-11 13:48:40'),(219,1,'127.0.0.1','2012-09-11 15:52:12',NULL,'Mozilla/5.0 (Windows NT 6.1; rv:15.0) Gecko/20100101 Firefox/15.0.1','2012-09-11 15:52:12'),(220,1,'192.168.50.139','2012-09-12 14:11:10',NULL,'Mozilla/5.0 (Windows NT 5.1; rv:15.0) Gecko/20100101 Firefox/15.0.1','2012-09-12 14:11:10'),(221,1,'192.168.50.139','2012-09-13 18:21:58',NULL,'Mozilla/5.0 (Windows NT 5.1; rv:15.0) Gecko/20100101 Firefox/15.0.1','2012-09-13 18:21:58'),(222,1,'192.168.50.139','2012-09-14 13:47:16',NULL,'Mozilla/5.0 (Windows NT 5.1; rv:15.0) Gecko/20100101 Firefox/15.0.1','2012-09-14 13:47:16'),(223,1,'192.168.50.139','2012-09-16 10:44:35',NULL,'Mozilla/5.0 (Windows NT 5.1; rv:15.0) Gecko/20100101 Firefox/15.0.1','2012-09-16 10:44:35'),(224,1,'127.0.0.1','2012-09-16 12:12:42',NULL,'Mozilla/5.0 (Windows NT 6.1; rv:15.0) Gecko/20100101 Firefox/15.0.1','2012-09-16 12:12:42');

/*Table structure for table `basic_category` */

DROP TABLE IF EXISTS `basic_category`;

CREATE TABLE `basic_category` (
  `id` int(10) unsigned NOT NULL AUTO_INCREMENT,
  `varCategoryName` varchar(60) COLLATE utf8_unicode_ci NOT NULL,
  `enmType` enum('sys','user') COLLATE utf8_unicode_ci DEFAULT 'user',
  `dtLastUDT` timestamp NOT NULL DEFAULT CURRENT_TIMESTAMP,
  `varInsertUser` varchar(30) COLLATE utf8_unicode_ci DEFAULT NULL,
  `dtInsertDT` datetime DEFAULT NULL,
  `varEditUser` varchar(30) COLLATE utf8_unicode_ci DEFAULT NULL,
  PRIMARY KEY (`id`)
) ENGINE=InnoDB AUTO_INCREMENT=7 DEFAULT CHARSET=utf8 COLLATE=utf8_unicode_ci;

/*Data for the table `basic_category` */

insert  into `basic_category`(`id`,`varCategoryName`,`enmType`,`dtLastUDT`,`varInsertUser`,`dtInsertDT`,`varEditUser`) values (1,'Method Of Complaint Delivery','sys','2012-02-23 15:07:37',NULL,NULL,NULL),(2,'Against Respondent Type','sys','2012-02-23 16:06:01',NULL,NULL,NULL),(3,'Disciplined Force','sys','2012-02-23 17:34:15',NULL,NULL,NULL),(4,'Complaint Type','sys','2012-02-25 18:02:00',NULL,NULL,NULL),(5,'Kind of Human Rights Violation','sys','2012-03-01 11:45:13',NULL,NULL,NULL),(6,'Religion','sys','2012-03-10 15:05:14',NULL,NULL,NULL);

/*Table structure for table `basic_data` */

DROP TABLE IF EXISTS `basic_data`;

CREATE TABLE `basic_data` (
  `id` mediumint(8) unsigned NOT NULL AUTO_INCREMENT,
  `intBasicCategoryId` int(10) unsigned NOT NULL,
  `varName` varchar(100) COLLATE utf8_unicode_ci DEFAULT NULL,
  `enuStatus` enum('active','inactive') COLLATE utf8_unicode_ci NOT NULL DEFAULT 'active',
  `sortOrder` int(11) DEFAULT '1',
  `varInsertUser` varchar(30) COLLATE utf8_unicode_ci DEFAULT NULL,
  `dtInsertDT` datetime DEFAULT NULL,
  `varEditUser` varchar(30) COLLATE utf8_unicode_ci DEFAULT NULL,
  `dtLastUDT` timestamp NOT NULL DEFAULT CURRENT_TIMESTAMP ON UPDATE CURRENT_TIMESTAMP,
  PRIMARY KEY (`id`),
  KEY `FK_basic_data` (`intBasicCategoryId`),
  CONSTRAINT `FK_basic_data` FOREIGN KEY (`intBasicCategoryId`) REFERENCES `basic_category` (`id`) ON DELETE NO ACTION ON UPDATE CASCADE
) ENGINE=InnoDB AUTO_INCREMENT=85 DEFAULT CHARSET=utf8 COLLATE=utf8_unicode_ci;

/*Data for the table `basic_data` */

insert  into `basic_data`(`id`,`intBasicCategoryId`,`varName`,`enuStatus`,`sortOrder`,`varInsertUser`,`dtInsertDT`,`varEditUser`,`dtLastUDT`) values (1,1,'Post/Hand Delivery','active',2,NULL,'2012-04-05 12:23:21','1','2012-04-05 12:23:21'),(2,1,'In Person/ Telephone','active',3,NULL,'2012-04-08 03:44:34','1','2012-04-08 15:44:34'),(3,1,'Email/ Fax','active',1,NULL,'2012-04-10 12:06:43','1','2012-04-10 12:06:43'),(4,1,'Online','active',1,NULL,'2012-03-15 03:23:35','Nur Nahid Hasan','2012-03-15 15:23:35'),(6,4,'Individual','active',1,NULL,NULL,NULL,'2012-02-26 11:54:19'),(7,4,'Acting on behalf of victim','active',1,NULL,NULL,NULL,'2012-02-26 11:59:21'),(8,4,'Evidence of permission or request of victim','active',1,NULL,NULL,NULL,'2012-02-26 11:59:47'),(9,5,'Child prostitution','active',1,NULL,NULL,NULL,'2012-03-01 11:45:53'),(10,5,'Child pornography','active',1,NULL,NULL,NULL,'2012-03-01 11:46:08'),(11,5,'Child labour','active',1,NULL,NULL,NULL,'2012-03-01 11:46:25'),(12,5,'Sale of children','active',1,NULL,NULL,NULL,'2012-03-01 11:46:36'),(13,5,'Child exploitation','active',1,NULL,NULL,NULL,'2012-03-01 11:46:48'),(14,5,'Civil and Political rights','active',1,NULL,NULL,NULL,'2012-03-01 11:47:00'),(15,5,'Detention','active',1,NULL,NULL,NULL,'2012-03-01 11:47:11'),(16,5,'Arbitrary detention','active',1,NULL,NULL,NULL,'2012-03-01 11:47:23'),(17,5,'Abuse or torture in detention','active',1,NULL,NULL,NULL,'2012-03-01 11:47:35'),(18,5,'Oppressive or inhumane punishment','active',1,NULL,NULL,NULL,'2012-03-01 11:47:50'),(19,5,'Death in custody','active',1,NULL,NULL,NULL,'2012-03-01 11:48:06'),(20,5,'Disproportionate social composition of prison population','active',1,NULL,NULL,NULL,'2012-03-01 11:48:19'),(21,5,'Freedom from torture and cruel, inhumane or degrading treatment or punishment','active',1,NULL,NULL,NULL,'2012-03-01 11:48:33'),(22,5,'Freedom of opinion and expression','active',1,NULL,NULL,NULL,'2012-03-01 11:48:45'),(23,5,'Freedom of peaceful assembly and association','active',1,NULL,NULL,NULL,'2012-03-01 11:48:57'),(24,5,'Freedom of religion and belief','active',1,NULL,NULL,NULL,'2012-03-01 11:49:08'),(25,5,'Freedom of movement','active',1,NULL,NULL,NULL,'2012-03-01 11:49:21'),(26,5,'Freedom to participate in cultural life','active',1,NULL,NULL,NULL,'2012-03-01 11:49:34'),(27,5,'Right to life','active',1,NULL,NULL,NULL,'2012-03-01 11:49:45'),(28,5,'Right to a fair trial','active',1,NULL,NULL,NULL,'2012-03-01 11:49:56'),(29,5,'Right to equal protection of the law','active',1,NULL,NULL,NULL,'2012-03-01 11:50:08'),(30,5,'Right to vote','active',1,NULL,NULL,NULL,'2012-03-01 11:50:20'),(31,5,'Freedom from arbitrary interference with privacy, family, home or correspondence','active',1,NULL,NULL,NULL,'2012-03-01 11:50:33'),(32,5,'Right to nationality','active',1,NULL,NULL,NULL,'2012-03-01 11:50:47'),(33,5,'Right to marriage and to have a family','active',1,NULL,NULL,NULL,'2012-03-01 11:50:58'),(34,5,'Physical abuse','active',1,NULL,NULL,NULL,'2012-03-01 11:51:11'),(35,5,'Climate Change / Environment','active',1,NULL,NULL,NULL,'2012-03-01 11:52:12'),(36,5,'Disability and Human Rights','active',1,NULL,NULL,NULL,'2012-03-01 11:52:24'),(37,5,'Disappearances','active',1,NULL,NULL,NULL,'2012-03-01 11:52:35'),(38,5,'Discrimination','active',1,NULL,NULL,NULL,'2012-03-01 11:52:43'),(39,5,'Economic, Social and Cultural Rights','active',1,NULL,NULL,NULL,'2012-03-01 11:52:54'),(40,5,'Right to clothing','active',1,NULL,NULL,NULL,'2012-03-01 11:53:05'),(41,5,'Right to education','active',1,NULL,NULL,NULL,'2012-03-01 11:53:16'),(42,5,'Right to food','active',1,NULL,NULL,NULL,'2012-03-01 11:53:30'),(43,5,'Right to health','active',1,NULL,NULL,NULL,'2012-03-01 11:53:42'),(44,5,'Right to sanitation and clean water','active',1,NULL,NULL,NULL,'2012-03-01 11:53:56'),(45,5,'Right to shelter','active',1,NULL,NULL,NULL,'2012-03-01 11:54:07'),(46,5,'Right to work','active',1,NULL,NULL,NULL,'2012-03-01 11:54:18'),(47,5,'Trade Unions and work-related associations','active',1,NULL,NULL,NULL,'2012-03-01 11:54:31'),(48,5,'Right to social security','active',1,NULL,NULL,NULL,'2012-03-01 11:54:44'),(49,5,'Extrajudicial, summary or arbitrary executions','active',1,NULL,NULL,NULL,'2012-03-01 11:54:54'),(50,5,'HIV/AIDS','active',1,NULL,NULL,NULL,'2012-03-01 11:55:07'),(51,5,'Indigenous peoples','active',1,NULL,NULL,NULL,'2012-03-01 11:55:19'),(52,5,'Migration','active',1,NULL,NULL,NULL,'2012-03-01 11:55:32'),(53,5,'Minorities','active',1,NULL,NULL,NULL,'2012-03-01 11:55:41'),(54,5,'Contemporary forms of slavery','active',1,NULL,NULL,NULL,'2012-03-01 11:55:57'),(55,5,'Human trafficking','active',1,NULL,NULL,NULL,'2012-03-01 11:56:07'),(56,5,'Discrimination against women','active',1,NULL,NULL,NULL,'2012-03-01 11:56:19'),(62,3,'Army','active',1,NULL,NULL,NULL,'2012-03-18 13:23:15'),(63,3,'Navy','active',1,NULL,NULL,NULL,'2012-03-18 13:23:31'),(64,3,'Air Force','active',1,NULL,NULL,NULL,'2012-03-18 13:23:35'),(65,3,'RAB','active',1,NULL,NULL,NULL,'2012-03-18 13:23:45'),(66,3,'POLICE','active',1,NULL,NULL,NULL,'2012-03-18 13:23:52'),(67,3,'ANSAR','active',1,NULL,NULL,NULL,'2012-03-18 13:23:57'),(68,2,'Prison Officer','active',1,NULL,NULL,NULL,'2012-03-18 13:24:17'),(69,2,'District Administration','active',1,NULL,NULL,NULL,'2012-03-18 13:24:25'),(70,2,'Upazila Administration','active',1,NULL,'2012-04-19 05:36:06','1','2012-04-19 17:36:06'),(71,2,'People\'s Representative','active',1,NULL,NULL,NULL,'2012-03-18 13:24:51'),(72,2,'Other public servant','active',1,NULL,NULL,NULL,'2012-03-18 13:25:05'),(73,2,'Business entity','active',1,NULL,NULL,NULL,'2012-03-18 13:25:08'),(74,2,'Private individual','active',1,NULL,NULL,NULL,'2012-03-18 13:25:23'),(75,2,'Multinational company','active',1,NULL,NULL,NULL,'2012-03-18 13:25:26'),(76,2,'Others','active',1,NULL,'2012-04-10 09:13:29','1','2012-04-10 09:13:29'),(80,6,'Muslim','active',1,'1','2012-03-28 05:10:44',NULL,'2012-03-28 17:10:44'),(81,6,'Hindu','active',2,'1','2012-03-28 05:11:58',NULL,'2012-03-28 17:11:58'),(82,6,'buddhist','active',4,'1','2012-05-03 11:33:22','1','2012-05-03 11:33:22'),(83,6,'Christian','active',3,'1','2012-03-28 05:14:11',NULL,'2012-03-28 17:14:11'),(84,6,'Other','active',5,'1','2012-03-28 05:14:27',NULL,'2012-03-28 17:14:27');

/*Table structure for table `compaint_details` */

DROP TABLE IF EXISTS `compaint_details`;

CREATE TABLE `compaint_details` (
  `complaint_details_id` bigint(20) unsigned NOT NULL AUTO_INCREMENT,
  `complaint_id` bigint(20) unsigned NOT NULL,
  `previous_status_id` int(11) NOT NULL,
  `present_status_id` int(11) NOT NULL,
  `previous_desk_id` int(11) NOT NULL,
  `present_desk_id` int(11) NOT NULL,
  `operating_user_id` int(11) NOT NULL,
  `remarks` text COLLATE utf8_unicode_ci,
  `lastUDT` timestamp NOT NULL DEFAULT CURRENT_TIMESTAMP,
  PRIMARY KEY (`complaint_details_id`),
  KEY `FK_compaint_details` (`complaint_id`),
  CONSTRAINT `FK_compaint_details` FOREIGN KEY (`complaint_id`) REFERENCES `complaint` (`complaint_id`) ON DELETE NO ACTION ON UPDATE CASCADE
) ENGINE=InnoDB AUTO_INCREMENT=33 DEFAULT CHARSET=utf8 COLLATE=utf8_unicode_ci;

/*Data for the table `compaint_details` */

insert  into `compaint_details`(`complaint_details_id`,`complaint_id`,`previous_status_id`,`present_status_id`,`previous_desk_id`,`present_desk_id`,`operating_user_id`,`remarks`,`lastUDT`) values (1,4,0,1,0,1,1,NULL,'2012-05-08 16:20:14'),(2,7,0,1,0,1,1,NULL,'2012-05-14 10:55:33'),(3,8,0,1,0,1,1,NULL,'2012-05-14 10:57:19'),(4,11,0,1,0,3,1,NULL,'2012-05-15 12:41:45'),(5,12,0,1,0,1,1,NULL,'2012-05-15 12:44:36'),(6,13,0,1,0,1,1,NULL,'2012-05-15 15:41:34'),(7,5,1,2,3,3,3,'fsadfasd','2012-05-16 12:05:12'),(8,14,0,1,0,1,2,NULL,'2012-05-22 10:15:44'),(9,15,0,1,0,3,2,NULL,'2012-05-22 10:18:55'),(10,15,1,2,3,2,2,'process for dataentry','2012-05-22 10:20:19'),(11,15,2,9,2,5,4,'ok','2012-05-22 10:41:40'),(12,15,9,23,5,8,5,'aa','2012-05-22 11:14:52'),(13,15,23,16,8,0,6,'ok done','2012-05-22 11:15:50'),(14,16,0,1,0,3,2,NULL,'2012-05-22 11:27:42'),(15,16,1,2,3,2,2,'ok front desk','2012-05-22 11:28:06'),(16,16,2,2,2,2,4,'data entry done','2012-05-22 11:28:41'),(17,16,2,9,2,5,4,'ok d e','2012-05-22 11:29:03'),(18,16,9,23,5,8,5,'ok DD','2012-05-22 11:29:26'),(19,16,23,16,8,8,6,'ok DD & close','2012-05-22 11:30:20'),(20,16,16,14,8,8,6,'ss','2012-05-22 11:36:41'),(21,17,0,1,0,3,1,NULL,'2012-05-27 10:54:30'),(22,18,0,1,0,3,1,NULL,'2012-05-29 11:14:23'),(23,19,0,1,0,3,1,NULL,'2012-05-29 11:47:51'),(24,20,0,1,0,3,1,NULL,'2012-06-11 17:19:36'),(25,20,1,2,3,3,2,'safsadf','2012-06-11 17:41:01'),(26,21,0,1,0,3,1,NULL,'2012-07-23 11:00:47'),(27,22,0,1,0,3,1,NULL,'2012-07-24 10:43:24'),(28,23,0,1,0,3,1,NULL,'2012-08-12 12:01:47'),(29,24,0,1,0,3,1,NULL,'2012-08-13 14:26:44'),(30,25,0,1,0,3,1,NULL,'2012-08-26 11:22:53'),(31,26,0,1,0,3,1,NULL,'2012-08-27 10:47:43'),(32,28,0,1,0,1,1,NULL,'2012-08-30 17:01:33');

/*Table structure for table `complaint` */

DROP TABLE IF EXISTS `complaint`;

CREATE TABLE `complaint` (
  `complaint_id` bigint(20) unsigned NOT NULL AUTO_INCREMENT,
  `complainant_id` int(11) NOT NULL DEFAULT '0',
  `traking_number` varchar(30) COLLATE utf8_unicode_ci DEFAULT NULL,
  `complaint_name` varchar(120) COLLATE utf8_unicode_ci NOT NULL,
  `sex` varchar(25) COLLATE utf8_unicode_ci DEFAULT NULL,
  `present_address` varchar(300) COLLATE utf8_unicode_ci DEFAULT NULL,
  `present_phone` varchar(40) COLLATE utf8_unicode_ci DEFAULT NULL,
  `present_fax` varchar(40) COLLATE utf8_unicode_ci DEFAULT NULL,
  `present_email` varchar(120) COLLATE utf8_unicode_ci DEFAULT NULL,
  `description` mediumtext COLLATE utf8_unicode_ci NOT NULL,
  `father_name` varchar(120) COLLATE utf8_unicode_ci DEFAULT NULL,
  `mother_name` varchar(120) COLLATE utf8_unicode_ci DEFAULT NULL,
  `spouse_name` varchar(120) COLLATE utf8_unicode_ci DEFAULT NULL,
  `present_district` int(10) unsigned DEFAULT NULL,
  `present_sub_district` int(10) unsigned DEFAULT NULL,
  `permanent_village` varchar(100) COLLATE utf8_unicode_ci DEFAULT NULL,
  `permanent_district` int(10) unsigned DEFAULT NULL,
  `permanent_sub_district` int(10) unsigned DEFAULT NULL,
  `permanent_phone` varchar(40) COLLATE utf8_unicode_ci DEFAULT NULL,
  `permanent_fax` varchar(40) COLLATE utf8_unicode_ci DEFAULT NULL,
  `permanent_email` varchar(120) COLLATE utf8_unicode_ci DEFAULT NULL,
  `attachment_page_number` varchar(20) COLLATE utf8_unicode_ci DEFAULT NULL,
  `complaint_received_date` datetime DEFAULT NULL,
  `previous_status` int(11) DEFAULT '0',
  `present_status` int(11) DEFAULT '0',
  `previous_desk` int(11) DEFAULT '0',
  `present_desk` int(11) DEFAULT '0',
  `last_opt_user_id` int(11) DEFAULT '0',
  `varInsertUser` varchar(30) COLLATE utf8_unicode_ci DEFAULT NULL,
  `dtInsertDT` datetime DEFAULT NULL,
  `varEditUser` varchar(30) COLLATE utf8_unicode_ci DEFAULT NULL,
  `dtLastUDT` timestamp NULL DEFAULT CURRENT_TIMESTAMP,
  PRIMARY KEY (`complaint_id`),
  UNIQUE KEY `NewIndex1` (`traking_number`),
  KEY `FK_complaint` (`permanent_sub_district`),
  KEY `NewIndex2` (`present_status`,`present_desk`,`last_opt_user_id`),
  CONSTRAINT `FK_complaint` FOREIGN KEY (`permanent_sub_district`) REFERENCES `sub_district` (`sub_district_id`) ON DELETE NO ACTION ON UPDATE NO ACTION
) ENGINE=InnoDB AUTO_INCREMENT=29 DEFAULT CHARSET=utf8 COLLATE=utf8_unicode_ci;

/*Data for the table `complaint` */

insert  into `complaint`(`complaint_id`,`complainant_id`,`traking_number`,`complaint_name`,`sex`,`present_address`,`present_phone`,`present_fax`,`present_email`,`description`,`father_name`,`mother_name`,`spouse_name`,`present_district`,`present_sub_district`,`permanent_village`,`permanent_district`,`permanent_sub_district`,`permanent_phone`,`permanent_fax`,`permanent_email`,`attachment_page_number`,`complaint_received_date`,`previous_status`,`present_status`,`previous_desk`,`present_desk`,`last_opt_user_id`,`varInsertUser`,`dtInsertDT`,`varEditUser`,`dtLastUDT`) values (4,7,'D120508-0001','asdfasd','male','asdfasdf','345342534','352345234','nurnahidhasan@gmail.com','dasfsdfasd','','','',102,92,'',149,491,'','','','','2012-02-08 16:20:14',0,1,0,1,1,'1','2012-05-08 16:20:14','1','2012-05-08 16:20:14'),(5,6,'I120510-0001','Moina','male','Janningram','ascdefgh','','','0','sadfasd','','',145,420,'',NULL,NULL,'','','',NULL,'2012-05-10 13:34:27',1,2,3,3,3,'0','2012-05-10 13:34:27','3','2012-05-10 13:34:27'),(6,6,'I120510-0002','moina','Female','545 jinaida','abcdef','','','0','','',NULL,145,422,NULL,NULL,NULL,NULL,NULL,NULL,'','2012-02-10 14:43:21',0,1,0,1,1,'0','2012-05-10 14:43:21',NULL,'2012-05-10 14:43:21'),(7,6,'D120514-0001','Khademul Islam Masum','male','dsafs','352345','2345234','nurnahidhasan@gmail.com','sdfsd',NULL,NULL,NULL,NULL,NULL,NULL,NULL,NULL,NULL,NULL,NULL,'23','2012-05-14 10:55:33',0,1,0,1,1,'1','2012-05-14 10:55:33',NULL,'2012-05-14 10:55:33'),(8,6,'D120514-0002','Kamrul Hasan','female','afasdf','352345234','asadfasd','nurnahidhasan@gmail.com','adsfasdfas',NULL,NULL,NULL,NULL,NULL,NULL,NULL,NULL,NULL,NULL,NULL,'','2012-05-14 10:57:19',0,1,0,1,1,'1','2012-05-14 10:57:19',NULL,'2012-05-14 10:57:19'),(9,6,'I120514-0001','sonia','Female','42','huh','','','0','','',NULL,155,510,NULL,NULL,NULL,NULL,NULL,NULL,'','2012-05-14 11:49:21',0,1,0,1,1,'0','2012-05-14 11:49:21',NULL,'2012-05-14 11:49:21'),(10,6,'I120514-0002','sonya','Female','52','huh','','','0','','',NULL,155,510,NULL,NULL,NULL,NULL,NULL,NULL,'','2012-02-14 11:51:42',0,1,0,1,1,'0','2012-05-14 11:51:42',NULL,'2012-05-14 11:51:42'),(11,7,'D120515-0001','Nayem Ahmed','female','sdfdsf sdf','0115468755 maruf','0779879 maruf','nahid_maruf@yahoo.com','adsjkfakdska',NULL,NULL,NULL,NULL,NULL,NULL,NULL,NULL,NULL,NULL,NULL,'123','2012-05-15 12:41:45',0,1,0,1,1,'1','2012-05-15 12:41:45',NULL,'2012-05-15 12:41:45'),(12,7,'D120515-0002','kusum ara begum','female','dhaka','01714604449','81718177','kusum@yifi.com','dksf ksdf sdfhl kalsd .',NULL,NULL,NULL,138,388,NULL,NULL,NULL,NULL,NULL,NULL,'13213','2012-05-15 12:44:36',0,1,0,1,1,'1','2012-05-15 12:44:36',NULL,'2012-05-15 12:44:36'),(13,8,'D120515-0003','asasasrw er wer','female','sas as rwer wer','rwerwerwe','rwerwerwer','','gdf gdfg','dsd','da da','d asdqwq',NULL,NULL,'',125,237,'','','','','2012-02-15 15:41:33',0,1,0,1,1,'1','2012-05-15 15:41:33','1','2012-05-15 15:41:34'),(14,7,'D120522-0001','kaziiiiiiiii gfg','female','Test for process path','01716019717','9362484','sfasdfasd@yahoo.com','There can never be favourites for a final, especially for an extended tournament like this. Gambhir was quite right when he said: it\'s absolutely 50:50. The head-to-head clashes this season too read 1-1, making the final all the more intriguing. The battle between these two often boils down to how their slow bowlers perform; and, amazingly, in this area, too, they are almost evenly matched. While CSK have R Ashwin, Ravindra Jadeja, Shadab Jakati and Suresh Raina to carry out different roles, KKR have the likes of Iqbal Abdulla, Yusuf Pathan and Shakib Al Hasan. \n\nThere can never be favourites for a final, especially for an extended tournament like this. Gambhir was quite right when he said: it\'s absolutely 50:50. The head-to-head clashes this season too read 1-1, making the final all the more intriguing. The battle between these two often boils down to how their slow bowlers perform; and, amazingly, in this area, too, they are almost evenly matched. While CSK have R Ashwin, Ravindra Jadeja, Shadab Jakati and Suresh Raina to carry out different roles, KKR have the likes of Iqbal Abdulla, Yusuf Pathan and Shakib Al Hasan. \n\nThere can never be favourites for a final, especially for an extended tournament like this. Gambhir was quite right when he said: it\'s absolutely 50:50. The head-to-head clashes this season too read 1-1, making the final all the more intriguing. The battle between these two often boils down to how their slow bowlers perform; and, amazingly, in this area, too, they are almost evenly matched. While CSK have R Ashwin, Ravindra Jadeja, Shadab Jakati and Suresh Raina to carry out different roles, KKR have the likes of Iqbal Abdulla, Yusuf Pathan and Shakib Al Hasan. \n\nThere can never be favourites for a final, especially for an extended tournament like this. Gambhir was quite right when he said: it\'s absolutely 50:50. The head-to-head clashes this season too read 1-1, making the final all the more intriguing. The battle between these two often boils down to how their slow bowlers perform; and, amazingly, in this area, too, they are almost evenly matched. While CSK have R Ashwin, Ravindra Jadeja, Shadab Jakati and Suresh Raina to carry out different roles, KKR have the likes of Iqbal Abdulla, Yusuf Pathan and Shakib Al Hasan.\n\nThere can never be favourites for a final, especially for an extended tournament like this. Gambhir was quite right when he said: it\'s absolutely 50:50. The head-to-head clashes this season too read 1-1, making the final all the more intriguing. The battle between these two often boils down to how their slow bowlers perform; and, amazingly, in this area, too, they are almost evenly matched. While CSK have R Ashwin, Ravindra Jadeja, Shadab Jakati and Suresh Raina to carry out different roles, KKR have the likes of Iqbal Abdulla, Yusuf Pathan and Shakib Al Hasan.','safasfs','fsadfsa','sadfsa',138,386,'sadfasd',120,249,'1234123','1234231','nahid_maruf@yahoo.com','11','2012-05-22 10:15:44',0,1,0,1,2,'2','2012-05-22 10:15:44','1','2012-05-22 10:15:44'),(15,6,'D120522-0002','Test for process path 1','male','Test for process path 1','21212121212','','','Test for process path 1 desc ...',NULL,NULL,NULL,NULL,NULL,NULL,NULL,NULL,NULL,NULL,NULL,NULL,'2011-05-22 10:18:55',23,16,8,0,6,'2','2012-05-22 10:18:55',NULL,'2012-05-22 10:18:55'),(16,8,'D120522-0003','test process path 2','male','test process path 2','121212121','','','test process path 2',NULL,NULL,NULL,NULL,NULL,NULL,NULL,NULL,NULL,NULL,NULL,NULL,'2011-05-22 11:27:42',16,14,8,8,6,'2','2012-05-22 11:27:42',NULL,'2012-05-22 11:27:42'),(17,7,'D120527-0001','Khademul Islam Masum','male','asdfasdfasd','','','','fasdfasdfsadfsadfasd',NULL,NULL,NULL,NULL,NULL,NULL,NULL,NULL,NULL,NULL,NULL,NULL,'2012-05-27 10:54:30',0,1,0,3,1,'1','2012-05-27 10:54:30',NULL,'2012-05-27 10:54:30'),(18,7,'D120529-0001','Khademul Islam Masum','male','Bulon pur','31534251','452345','nurnahidhasan@gmail.com','aslkjdflkasdjfjasd','fasdfasd','','',NULL,NULL,'',NULL,NULL,'','','','','2012-05-29 11:14:23',0,1,0,3,1,'1','2012-05-29 11:14:23','2','2012-05-29 11:14:23'),(19,8,'D120529-0002',' (Name) *','male','G DFG DFG 1','1111111','2222222','qqq@wwww.dfgdf','GDFG DFG D','  (Father\'s Name)','  (Mother\'s Name)','/  (Spouse\'s Name)',1,74,'(Permanent Address)',116,244,' (Ph./Mobile) 1',' (FAX) 1','aaa@www.fgfgdf','','2012-05-29 11:47:51',0,1,0,3,1,'1','2012-05-29 11:47:51','2','2012-05-29 11:47:51'),(20,6,'D120611-0001','Hamidul Islam khan','male','Bulonpur, rajshahi','01655847','0221548887','nahid_maruf@yahoo.com','this is the test for some one.',NULL,NULL,NULL,NULL,NULL,NULL,NULL,NULL,NULL,NULL,NULL,'','2012-06-11 17:19:36',1,2,3,3,2,'1','2012-06-11 17:19:36',NULL,'2012-06-11 17:19:36'),(21,7,'D120723-0001','Nur nahid hasan','male','Rajshahi','','2222434323','nahid_maruf@yahoo.com','adfasfasdfasd',NULL,NULL,NULL,NULL,NULL,NULL,NULL,NULL,NULL,NULL,NULL,'','2012-07-23 11:00:47',0,1,0,3,1,'1','2012-07-23 11:00:47',NULL,'2012-07-23 11:00:47'),(22,6,'D120724-0001','nahid','female','rajshahi','','','','test project',NULL,NULL,NULL,NULL,NULL,NULL,NULL,NULL,NULL,NULL,NULL,NULL,'2012-07-24 10:43:25',0,1,0,3,1,'1','2012-07-24 10:43:25',NULL,'2012-07-24 10:43:24'),(23,7,'D120812-0001','111111','female','111 111111','','','','13123 123 123',NULL,NULL,NULL,NULL,NULL,NULL,NULL,NULL,NULL,NULL,NULL,NULL,'2012-08-12 12:01:47',0,1,0,3,1,'1','2012-08-12 12:01:47',NULL,'2012-08-12 12:01:47'),(24,6,'D120813-0001','fdfdf','female','hgdfghdgfdgf','','','','fchgdfghdfgdgfdf',NULL,NULL,NULL,NULL,NULL,NULL,NULL,NULL,NULL,NULL,NULL,NULL,'2012-08-13 14:26:44',0,1,0,3,1,'1','2012-08-13 14:26:44',NULL,'2012-08-13 14:26:44'),(25,6,'D120826-0001','Salma haiek','male','Mailborn, Austrailia','0721771345','088756662','salma@haiek.net','that was a very rear story!',NULL,NULL,NULL,NULL,NULL,NULL,NULL,NULL,NULL,NULL,NULL,NULL,'2012-08-26 11:22:53',0,1,0,3,1,'1','2012-08-26 11:22:53',NULL,'2012-08-26 11:22:53'),(26,6,'D120827-0001','sujata roi','female','rajsthan','9155548555','9144458755','sujata@jj.com','sdkffkjsdjf sdfkmkdsnf o','','','',133,325,'',NULL,NULL,'','','','','2012-08-27 10:47:43',0,1,0,3,1,'1','2012-08-27 10:47:43','4','2012-08-27 10:47:43'),(27,6,'I120830-0001','Masud Rana','male','Darusha, Rajshahi','01719105288','','nahid_maruf@hotmail.com','0','Late Munjur Hossain','Janina',NULL,136,381,NULL,NULL,NULL,NULL,NULL,NULL,NULL,'2012-08-30 16:41:17',0,1,0,3,8,'3','2012-08-30 16:41:17',NULL,'2012-08-30 16:41:17'),(28,6,'I120830-0002','Masud Rana','male','Darusha, Rajshahi','01719105288','01674487367','nahid_maruf@hotmail.com','sdfsadfasfasdfas0','Late Munjur Hossain','Janina',NULL,136,381,NULL,NULL,NULL,NULL,NULL,NULL,NULL,'2012-08-30 17:01:33',0,1,0,3,8,'3','2012-08-30 17:01:33',NULL,'2012-08-30 17:01:33');

/*Table structure for table `complaint_analysis` */

DROP TABLE IF EXISTS `complaint_analysis`;

CREATE TABLE `complaint_analysis` (
  `analysis_id` bigint(11) unsigned NOT NULL AUTO_INCREMENT,
  `complaint_id` bigint(20) unsigned NOT NULL,
  `human_rights_violation` enum('yes','no') COLLATE utf8_unicode_ci DEFAULT NULL,
  `type_of_violation` int(10) unsigned DEFAULT NULL,
  `identified_category` mediumtext COLLATE utf8_unicode_ci,
  `violet_constitution` enum('yes','no') COLLATE utf8_unicode_ci DEFAULT 'yes',
  `varInsertUser` varchar(30) COLLATE utf8_unicode_ci DEFAULT NULL,
  `dtInsertDT` datetime DEFAULT NULL,
  `varEditUser` varchar(30) COLLATE utf8_unicode_ci DEFAULT NULL,
  `dtLastUDT` timestamp NULL DEFAULT CURRENT_TIMESTAMP,
  PRIMARY KEY (`analysis_id`),
  KEY `NewIndex1` (`complaint_id`)
) ENGINE=InnoDB AUTO_INCREMENT=6 DEFAULT CHARSET=utf8 COLLATE=utf8_unicode_ci;

/*Data for the table `complaint_analysis` */

insert  into `complaint_analysis`(`analysis_id`,`complaint_id`,`human_rights_violation`,`type_of_violation`,`identified_category`,`violet_constitution`,`varInsertUser`,`dtInsertDT`,`varEditUser`,`dtLastUDT`) values (1,4,'yes',NULL,'xvcbcv','no','1','2012-05-14 10:41:55',NULL,'2012-05-14 10:41:55'),(2,12,'yes',NULL,'dfasdfasd','no','1','2012-05-15 14:47:20','1','2012-05-15 14:47:20'),(3,11,'yes',NULL,'','no','1','2012-05-15 14:49:28',NULL,'2012-05-15 14:49:28'),(4,14,'yes',NULL,'There can never be favourites for a final, especially for an extended tournament like this. Gambhir was quite right when he said: it\'s absolutely 50:50. The head-to-head clashes this season too read 1-1, making the final all the more intriguing.The battle between these two often boils down to how their slow bowlers perform; and, amazingly, in this area, too, they are almost evenly matched. While CSK have R Ashwin, Ravindra Jadeja, Shadab Jakati and Suresh Raina to carry out different roles, KKR have the likes of Iqbal Abdulla, Yusuf Pathan and Shakib Al Hasan. ','yes','1','2012-05-27 16:46:47','1','2012-05-27 16:46:47'),(5,13,'yes',NULL,'asd','no','1','2012-05-28 17:11:08','1','2012-05-28 17:11:08');

/*Table structure for table `complaint_analysis_hrviolation` */

DROP TABLE IF EXISTS `complaint_analysis_hrviolation`;

CREATE TABLE `complaint_analysis_hrviolation` (
  `complaint_id` bigint(20) unsigned NOT NULL,
  `hrviolation_id` mediumint(8) unsigned NOT NULL,
  `varInsertUser` varchar(30) COLLATE utf8_unicode_ci DEFAULT NULL,
  `dtInsertDT` datetime DEFAULT NULL,
  `dtLastUDT` timestamp NULL DEFAULT CURRENT_TIMESTAMP,
  PRIMARY KEY (`complaint_id`,`hrviolation_id`),
  KEY `FK_complaint_analysis_hrviolation` (`hrviolation_id`),
  CONSTRAINT `FK_complaint_analysis_hrviolation` FOREIGN KEY (`hrviolation_id`) REFERENCES `basic_data` (`id`) ON DELETE NO ACTION ON UPDATE NO ACTION
) ENGINE=InnoDB DEFAULT CHARSET=utf8 COLLATE=utf8_unicode_ci;

/*Data for the table `complaint_analysis_hrviolation` */

insert  into `complaint_analysis_hrviolation`(`complaint_id`,`hrviolation_id`,`varInsertUser`,`dtInsertDT`,`dtLastUDT`) values (4,23,'1','2012-05-14 10:41:55','2012-05-14 10:41:55'),(11,14,'1','2012-05-15 14:49:28','2012-05-15 14:49:28'),(14,17,'1','2012-08-01 14:40:30','2012-08-01 14:40:30'),(14,20,'1','2012-08-01 14:40:30','2012-08-01 14:40:30'),(14,26,'1','2012-08-01 14:40:30','2012-08-01 14:40:30'),(14,50,'1','2012-08-01 14:40:30','2012-08-01 14:40:30'),(14,51,'1','2012-08-01 14:40:30','2012-08-01 14:40:30'),(14,56,'1','2012-08-01 14:40:30','2012-08-01 14:40:30');

/*Table structure for table `complaint_delivery_method` */

DROP TABLE IF EXISTS `complaint_delivery_method`;

CREATE TABLE `complaint_delivery_method` (
  `intComplaintID` int(10) unsigned NOT NULL,
  `intDeliveryID` mediumint(8) unsigned NOT NULL,
  `lastUDT` timestamp NOT NULL DEFAULT CURRENT_TIMESTAMP,
  PRIMARY KEY (`intComplaintID`,`intDeliveryID`),
  KEY `FK_complaint_delivery_method` (`intDeliveryID`),
  CONSTRAINT `FK_complaint_delivery_method` FOREIGN KEY (`intDeliveryID`) REFERENCES `basic_data` (`id`) ON DELETE NO ACTION ON UPDATE NO ACTION
) ENGINE=InnoDB DEFAULT CHARSET=utf8 COLLATE=utf8_unicode_ci;

/*Data for the table `complaint_delivery_method` */

insert  into `complaint_delivery_method`(`intComplaintID`,`intDeliveryID`,`lastUDT`) values (4,1,'2012-05-14 10:54:35'),(4,2,'2012-05-14 10:54:35'),(4,3,'2012-05-14 10:54:35'),(7,1,'2012-05-14 10:56:33'),(7,2,'2012-05-14 10:56:33'),(7,3,'2012-05-14 10:56:33'),(10,1,'2012-05-15 17:33:29'),(10,2,'2012-05-15 17:33:29'),(11,1,'2012-05-15 14:49:17'),(11,2,'2012-05-15 14:49:17'),(11,3,'2012-05-15 14:49:17'),(14,1,'2012-08-26 11:02:35'),(14,3,'2012-08-26 11:02:35'),(20,1,'2012-06-11 17:41:41'),(20,2,'2012-06-11 17:41:41'),(21,2,'2012-07-23 11:03:31');

/*Table structure for table `complaint_document` */

DROP TABLE IF EXISTS `complaint_document`;

CREATE TABLE `complaint_document` (
  `id` bigint(20) unsigned NOT NULL AUTO_INCREMENT,
  `intComplaintID` bigint(20) unsigned NOT NULL,
  `varDocumentTitle` varchar(225) COLLATE utf8_unicode_ci DEFAULT NULL,
  `varDocumentDesc` mediumtext COLLATE utf8_unicode_ci,
  `varFileName` varchar(255) COLLATE utf8_unicode_ci DEFAULT NULL,
  `varFilePath` varchar(255) COLLATE utf8_unicode_ci DEFAULT NULL,
  `varFileType` varchar(60) COLLATE utf8_unicode_ci DEFAULT NULL,
  `varFileSize` varchar(60) COLLATE utf8_unicode_ci DEFAULT NULL,
  `varInsertUser` varchar(30) COLLATE utf8_unicode_ci DEFAULT NULL,
  `dtInsertDT` datetime DEFAULT NULL,
  `varEditUser` varchar(30) COLLATE utf8_unicode_ci DEFAULT NULL,
  `dtLastUDT` timestamp NULL DEFAULT CURRENT_TIMESTAMP,
  PRIMARY KEY (`id`),
  KEY `NewIndex1` (`intComplaintID`)
) ENGINE=InnoDB AUTO_INCREMENT=15 DEFAULT CHARSET=utf8 COLLATE=utf8_unicode_ci;

/*Data for the table `complaint_document` */

insert  into `complaint_document`(`id`,`intComplaintID`,`varDocumentTitle`,`varDocumentDesc`,`varFileName`,`varFilePath`,`varFileType`,`varFileSize`,`varInsertUser`,`dtInsertDT`,`varEditUser`,`dtLastUDT`) values (3,8,'ASDs','asdS','PHP%00.jpg','uploads/8/PHP%00.jpg','image/jpeg','103.07','1','2012-05-14 14:46:26',NULL,'2012-05-14 14:46:26'),(4,8,'efdsf','fasdfasd','Water_lilies1.jpg','uploads/8/Water_lilies1.jpg','image/jpeg','81.83','1','2012-05-14 15:08:05',NULL,'2012-05-14 15:08:05'),(7,13,'asdas','dasd','G_OPF_Non-functional_standard_guidelines.doc','uploads/13/G_OPF_Non-functional_standard_guidelines.doc','application/msword','186','1','2012-05-28 17:11:54',NULL,'2012-05-28 17:11:54'),(8,17,'sdfasd','sadfasdf','F_RM_Software_Change_Request.doc','uploads/17/F_RM_Software_Change_Request.doc','application/msword','114.5','2','2012-05-28 18:28:44',NULL,'2012-05-28 18:28:44'),(9,13,'asdas','dasdasd','AapkiNajre.MP3','uploads/13/AapkiNajre.MP3','audio/mpeg','3244.05','1','2012-08-08 16:01:09',NULL,'2012-08-08 16:01:09'),(10,13,'dasd','dasd','04_-_Tujhi_Mein.mp3','uploads/13/04_-_Tujhi_Mein.mp3','audio/mpeg','5846.42','1','2012-08-08 16:01:18',NULL,'2012-08-08 16:01:18'),(11,13,'dasd','dasd','inteha07(www.songs_.pk)_.mp3','uploads/13/inteha07(www.songs_.pk)_.mp3','audio/mpeg','6789.55','1','2012-08-08 16:03:11',NULL,'2012-08-08 16:03:11'),(12,13,'ada','dasd','shaayar-pankaj-udhas01(www.songs_.pk)_.mp3','uploads/13/shaayar-pankaj-udhas01(www.songs_.pk)_.mp3','audio/mpeg','7870.4','1','2012-08-08 16:03:22',NULL,'2012-08-08 16:03:22'),(13,13,'dasd','dasd','bolo_bhalo_acho_to.mp3','uploads/13/bolo_bhalo_acho_to.mp3','audio/mpeg','10326.53','1','2012-08-08 16:11:20',NULL,'2012-08-08 16:11:20'),(14,13,'fds','dfsdf','bolo_bhalo_acho_to1.mp3','uploads/13/bolo_bhalo_acho_to1.mp3','audio/mpeg','10326.53','1','2012-08-08 16:16:32',NULL,'2012-08-08 16:16:32');

/*Table structure for table `desk` */

DROP TABLE IF EXISTS `desk`;

CREATE TABLE `desk` (
  `desk_id` int(11) NOT NULL AUTO_INCREMENT,
  `name` varchar(100) COLLATE utf8_unicode_ci DEFAULT NULL,
  `status` enum('Active','Inactive') COLLATE utf8_unicode_ci DEFAULT 'Active',
  `varInsertUser` varchar(30) COLLATE utf8_unicode_ci DEFAULT NULL,
  `dtInsertDT` datetime DEFAULT NULL,
  `varEditUser` varchar(30) COLLATE utf8_unicode_ci DEFAULT NULL,
  `dtLastUDT` timestamp NULL DEFAULT CURRENT_TIMESTAMP,
  PRIMARY KEY (`desk_id`)
) ENGINE=InnoDB AUTO_INCREMENT=9 DEFAULT CHARSET=utf8 COLLATE=utf8_unicode_ci;

/*Data for the table `desk` */

insert  into `desk`(`desk_id`,`name`,`status`,`varInsertUser`,`dtInsertDT`,`varEditUser`,`dtLastUDT`) values (1,'Admin','Active','Administrator','2012-03-22 02:35:07',NULL,'2012-03-22 14:35:07'),(2,'Data Entry','Active',NULL,NULL,'1',NULL),(3,'Front Desk','Active','1','2012-04-15 05:29:39',NULL,'2012-04-15 17:29:39'),(4,'Internal Dispatch','Active','1','2012-04-15 05:29:49','1','2012-04-15 17:29:49'),(5,'Assistant Director (AD)','Active','1','2012-04-15 05:29:59','1','2012-04-15 17:29:59'),(6,'Director','Active','1','2012-04-15 05:30:05',NULL,'2012-04-15 17:30:05'),(7,'HR Commissioners (HRC)','Active','1','2012-04-15 05:30:11','1','2012-04-15 17:30:11'),(8,'Deputy Director (DD)','Active','1','2012-05-03 05:33:06',NULL,'2012-05-03 17:33:06');

/*Table structure for table `desk_path` */

DROP TABLE IF EXISTS `desk_path`;

CREATE TABLE `desk_path` (
  `status_id` int(11) NOT NULL DEFAULT '0',
  `present_desk_id` int(11) NOT NULL DEFAULT '0',
  `next_desk_id` int(11) NOT NULL DEFAULT '0',
  `sort_order` int(11) DEFAULT '0',
  `varInsertUser` varchar(30) COLLATE utf8_unicode_ci DEFAULT NULL,
  `dtInsertDT` datetime DEFAULT NULL,
  `varEditUser` varchar(30) COLLATE utf8_unicode_ci DEFAULT NULL,
  `dtLastUDT` timestamp NULL DEFAULT CURRENT_TIMESTAMP,
  PRIMARY KEY (`status_id`,`present_desk_id`,`next_desk_id`),
  KEY `FK_desk_path` (`present_desk_id`),
  CONSTRAINT `FK_desk_path` FOREIGN KEY (`present_desk_id`) REFERENCES `desk` (`desk_id`) ON DELETE NO ACTION ON UPDATE NO ACTION
) ENGINE=InnoDB DEFAULT CHARSET=utf8 COLLATE=utf8_unicode_ci;

/*Data for the table `desk_path` */

insert  into `desk_path`(`status_id`,`present_desk_id`,`next_desk_id`,`sort_order`,`varInsertUser`,`dtInsertDT`,`varEditUser`,`dtLastUDT`) values (1,1,1,5,'1','2012-05-22 11:56:30','1','2012-05-22 11:56:30'),(1,1,5,6,'1','2012-05-22 11:56:30','1','2012-05-22 11:56:30'),(1,3,2,6,'1','2012-05-22 10:55:03','1','2012-05-22 10:55:03'),(1,3,3,8,'1','2012-05-22 10:55:03','1','2012-05-22 10:55:03'),(2,2,2,3,'1','2012-05-22 03:46:06','1','2012-05-22 15:46:06'),(2,2,5,8,'1','2012-05-22 03:46:06','1','2012-05-22 15:46:06'),(2,2,8,5,'1','2012-05-22 03:46:06','1','2012-05-22 15:46:06'),(2,4,5,0,'1','2012-05-27 10:11:29','1','2012-05-27 10:11:29'),(2,4,8,0,'1','2012-05-27 10:11:29','1','2012-05-27 10:11:29'),(5,3,2,0,'1','2012-05-27 10:15:14','1','2012-05-27 10:15:14'),(5,3,8,0,'1','2012-05-27 10:15:14','1','2012-05-27 10:15:14'),(5,4,2,1,'1','2012-05-27 10:12:17','1','2012-05-27 10:12:17'),(5,4,5,1,'1','2012-05-27 10:12:17','1','2012-05-27 10:12:17'),(8,4,2,0,'1','2012-05-27 10:15:30','1','2012-05-27 10:15:30'),(8,4,4,0,'1','2012-05-27 10:15:30','1','2012-05-27 10:15:30'),(8,4,8,0,'1','2012-05-27 10:15:30','1','2012-05-27 10:15:30'),(9,5,8,0,'1','2012-05-03 05:35:01','1','2012-05-03 17:35:01'),(9,6,5,0,'1','2012-05-03 05:27:14','1','2012-05-03 17:27:14'),(9,8,7,5,'1','2012-05-03 05:42:38','1','2012-05-03 17:42:38'),(11,6,5,0,'1','2012-05-03 05:25:55','1','2012-05-03 17:25:55'),(12,5,5,4,'1','2012-05-29 11:47:24','1','2012-05-29 11:47:24'),(12,5,8,2,'1','2012-05-29 11:47:24','1','2012-05-29 11:47:24'),(13,2,2,0,'1','2012-05-27 10:10:48','1','2012-05-27 10:10:48'),(13,2,5,0,'1','2012-05-27 10:10:48','1','2012-05-27 10:10:48'),(13,8,2,0,'1','2012-05-27 10:10:59','1','2012-05-27 10:10:59'),(13,8,8,0,'1','2012-05-27 10:10:59','1','2012-05-27 10:10:59'),(15,5,2,9,'1','2012-05-22 12:25:53','1','2012-05-22 12:25:53'),(15,5,6,6,'1','2012-05-22 12:25:53','1','2012-05-22 12:25:53'),(15,5,8,5,'1','2012-05-22 12:25:53','1','2012-05-22 12:25:53'),(17,8,6,9,'1','2012-05-22 03:45:52','1','2012-05-22 15:45:52'),(17,8,8,5,'1','2012-05-22 03:45:52','1','2012-05-22 15:45:52'),(23,3,2,6,'1','2012-05-22 10:53:24','1','2012-05-22 10:53:24'),(23,3,5,5,'1','2012-05-22 10:53:24','1','2012-05-22 10:53:24');

/*Table structure for table `district` */

DROP TABLE IF EXISTS `district`;

CREATE TABLE `district` (
  `district_id` int(10) unsigned NOT NULL AUTO_INCREMENT,
  `district_name` varchar(50) COLLATE utf8_unicode_ci DEFAULT NULL,
  `varInsertUser` varchar(30) COLLATE utf8_unicode_ci DEFAULT NULL,
  `dtInsertDT` datetime DEFAULT NULL,
  `varEditUser` varchar(30) COLLATE utf8_unicode_ci DEFAULT NULL,
  `dtLastUDT` timestamp NULL DEFAULT CURRENT_TIMESTAMP,
  PRIMARY KEY (`district_id`)
) ENGINE=InnoDB AUTO_INCREMENT=156 DEFAULT CHARSET=utf8 COLLATE=utf8_unicode_ci;

/*Data for the table `district` */

insert  into `district`(`district_id`,`district_name`,`varInsertUser`,`dtInsertDT`,`varEditUser`,`dtLastUDT`) values (1,'Gazipur',NULL,NULL,NULL,'2012-05-03 11:59:54'),(26,'Tangail',NULL,NULL,NULL,'2012-05-03 11:59:54'),(28,'Sherpur',NULL,NULL,NULL,'2012-05-03 11:59:54'),(38,'Narayanganj',NULL,NULL,'1','2012-05-03 11:59:54'),(72,'Mymensingh',NULL,NULL,NULL,'2012-05-03 11:59:54'),(73,'Netrokona',NULL,NULL,NULL,'2012-05-03 11:59:54'),(83,'Dhaka',NULL,NULL,NULL,'2012-05-03 11:59:54'),(99,'Faridpur',NULL,NULL,NULL,'2012-05-03 11:59:54'),(100,'Gopalganj',NULL,NULL,NULL,'2012-05-03 11:59:53'),(101,'Jamalpur',NULL,NULL,NULL,'2012-05-03 11:59:54'),(102,'Kishoreganj',NULL,NULL,NULL,'2012-05-03 11:59:54'),(103,'Madaripur',NULL,NULL,NULL,'2012-05-03 11:59:54'),(104,'Manikganj',NULL,NULL,NULL,'2012-05-03 11:59:53'),(105,'Munshiganj',NULL,NULL,NULL,'2012-05-03 11:59:54'),(106,'Narsingdi',NULL,NULL,NULL,'2012-05-03 11:59:54'),(107,'Rajbari',NULL,NULL,NULL,'2012-05-03 11:59:54'),(108,'Shariatpur',NULL,NULL,NULL,'2012-05-03 11:59:53'),(109,'Barguna',NULL,NULL,NULL,'2012-05-03 11:59:53'),(110,'Barisal',NULL,NULL,NULL,'2012-05-03 11:59:54'),(111,'Bhola',NULL,NULL,NULL,'2012-05-03 11:59:53'),(112,'Jhalokati',NULL,NULL,NULL,'2012-05-03 11:59:53'),(113,'Patuakhali',NULL,NULL,NULL,'2012-05-03 11:59:54'),(114,'Pirojpur',NULL,NULL,NULL,'2012-05-03 11:59:54'),(115,'Brahmanbaria',NULL,NULL,NULL,'2012-05-03 11:59:53'),(116,'Comilla',NULL,NULL,NULL,'2012-05-03 11:59:54'),(117,'Chandpur',NULL,NULL,NULL,'2012-05-03 11:59:54'),(118,'Lakshmipur',NULL,NULL,NULL,'2012-05-03 11:59:53'),(119,'Noakhali',NULL,NULL,NULL,'2012-05-03 11:59:53'),(120,'Feni',NULL,NULL,NULL,'2012-05-03 11:59:54'),(121,'Chittagong',NULL,NULL,NULL,'2012-05-03 11:59:53'),(122,'Khagrachhari',NULL,NULL,NULL,'2012-05-03 11:59:54'),(123,'Rangamati',NULL,NULL,NULL,'2012-05-03 11:59:54'),(124,'Bandarban',NULL,NULL,NULL,'2012-05-03 11:59:54'),(125,'Cox&#039;s Bazar',NULL,NULL,NULL,'2012-05-03 11:59:53'),(126,'Habiganj',NULL,NULL,NULL,'2012-05-03 11:59:55'),(127,'Maulvibazar',NULL,NULL,NULL,'2012-05-03 11:59:53'),(128,'Sunamganj',NULL,NULL,NULL,'2012-05-03 11:59:54'),(129,'Sylhet',NULL,NULL,NULL,'2012-05-03 11:59:55'),(130,'Bogra',NULL,NULL,NULL,'2012-05-03 11:59:54'),(131,'Joypurhat',NULL,NULL,NULL,'2012-05-03 11:59:55'),(132,'Naogaon',NULL,NULL,NULL,'2012-05-03 11:59:55'),(133,'Natore',NULL,NULL,NULL,'2012-05-03 11:59:54'),(134,'Nawabganj',NULL,NULL,NULL,'2012-05-03 11:59:54'),(135,'Pabna',NULL,NULL,NULL,'2012-05-03 11:59:54'),(136,'Rajshahi',NULL,NULL,NULL,'2012-05-03 11:59:55'),(137,'Sirajganj',NULL,NULL,NULL,'2012-05-03 11:59:54'),(138,'Dinajpur',NULL,NULL,NULL,'2012-05-03 11:59:54'),(139,'Gaibandha',NULL,NULL,NULL,'2012-05-03 11:59:54'),(140,'Kurigram',NULL,NULL,NULL,'2012-05-03 11:59:55'),(141,'Lalmonirhat',NULL,NULL,'1','2012-05-03 11:59:54'),(142,'Nilphamari',NULL,NULL,NULL,'2012-05-03 11:59:55'),(143,'Panchagarh',NULL,NULL,NULL,'2012-05-03 11:59:55'),(144,'Rangpur',NULL,NULL,NULL,'2012-05-03 11:59:54'),(145,'Thakurgaon',NULL,NULL,NULL,'2012-05-03 11:59:54'),(146,'Satkhira',NULL,NULL,NULL,'2012-05-03 11:59:55'),(147,'Chuadanga',NULL,NULL,NULL,'2012-05-03 11:59:55'),(148,'Jessore',NULL,NULL,NULL,'2012-05-03 11:59:54'),(149,'Jhenaidah',NULL,NULL,NULL,'2012-05-03 11:59:54'),(150,'Khulna',NULL,NULL,NULL,'2012-05-03 11:59:55'),(151,'Kushtia',NULL,NULL,NULL,'2012-05-03 11:59:54'),(152,'Magura',NULL,NULL,NULL,'2012-05-03 11:59:55'),(153,'Meherpur',NULL,NULL,NULL,'2012-05-03 11:59:54'),(154,'Narail',NULL,NULL,NULL,'2012-05-03 11:59:54'),(155,'Bagerhat',NULL,NULL,NULL,'2012-05-03 11:59:54');

/*Table structure for table `incident_info` */

DROP TABLE IF EXISTS `incident_info`;

CREATE TABLE `incident_info` (
  `incident_id` bigint(11) unsigned NOT NULL AUTO_INCREMENT,
  `complaint_id` bigint(15) unsigned NOT NULL,
  `incident_date` date DEFAULT NULL,
  `incident_time` varchar(20) COLLATE utf8_unicode_ci DEFAULT NULL,
  `incident_address` varchar(225) COLLATE utf8_unicode_ci DEFAULT NULL,
  `permanent_district` int(11) DEFAULT NULL,
  `permanent_sub_district` int(11) DEFAULT NULL,
  `incident_description` mediumtext COLLATE utf8_unicode_ci,
  `case_court` enum('yes','no') COLLATE utf8_unicode_ci DEFAULT 'yes',
  `incident_desired_remedy` mediumtext COLLATE utf8_unicode_ci,
  `varInsertUser` varchar(30) COLLATE utf8_unicode_ci DEFAULT NULL,
  `dtInsertDT` datetime DEFAULT NULL,
  `varEditUser` varchar(30) COLLATE utf8_unicode_ci DEFAULT NULL,
  `dtLastUDT` timestamp NULL DEFAULT CURRENT_TIMESTAMP,
  PRIMARY KEY (`incident_id`),
  KEY `NewIndex1` (`complaint_id`)
) ENGINE=InnoDB AUTO_INCREMENT=9 DEFAULT CHARSET=utf8 COLLATE=utf8_unicode_ci;

/*Data for the table `incident_info` */

insert  into `incident_info`(`incident_id`,`complaint_id`,`incident_date`,`incident_time`,`incident_address`,`permanent_district`,`permanent_sub_district`,`incident_description`,`case_court`,`incident_desired_remedy`,`varInsertUser`,`dtInsertDT`,`varEditUser`,`dtLastUDT`) values (1,4,'2012-05-08','5:6:AM','asdfasd',135,339,'fasdfasd','yes','fasdfasd','1','2012-05-14 10:42:58','1','2012-05-14 10:42:58'),(2,8,'2012-05-17','0:0:PM','',122,259,'','no','','1','2012-05-14 14:42:53',NULL,'2012-05-14 14:42:53'),(3,7,'2012-05-08','0:0:PM','',150,532,'','no','','1','2012-05-14 14:43:18',NULL,'2012-05-14 14:43:18'),(4,14,'2012-05-09','5:5:PM','Bulonpurr',99,79,'There can never be favourites for a final, especially for an extended tournament like this. Gambhir was quite right when he said: it\'s absolutely 50:50. The head-to-head clashes this season too read 1-1, making the final all the more intriguing.The battle between these two often boils down to how their slow \n\nbowlers perform; and, amazingly, in this area, too, they are almost evenly matched. While CSK have R Ashwin, Ravindra Jadeja, Shadab Jakati and Suresh Raina to carry out different roles, KKR have the likes of Iqbal Abdulla, Yusuf Pathan and Shakib Al Hasan. ','yes','There can never be favourites for a final, especially for an extended tournament like this. Gambhir was quite right when he said: it\'s absolutely 50:50. The head-to-head clashes this season too read 1-1, making the final all the more intriguing. \n\nThe battle between these two often boils down to how their slow bowlers perform; and, amazingly, in this area, too, they are almost evenly matched. While CSK have R Ashwin, Ravindra Jadeja, Shadab Jakati and Suresh Raina to carry out different roles, KKR have the likes of Iqbal Abdulla, Yusuf Pathan and Shakib Al Hasan. ','1','2012-05-27 17:49:12','1','2012-05-27 17:49:11'),(5,13,'2012-05-08','0:0:PM','asdas',120,249,'','no','','1','2012-05-28 17:11:26',NULL,'2012-05-28 17:11:26'),(6,17,'2012-05-09','3:6:AM','asdas',138,394,'dagadsfsafsadfsdafasdfsadfsda','no','        ? (Has the said case been lodged before any court?) Yes No\n\n     (The Desired Remedy)\nWhat kind of outcome do you want to resolve your complaint?','2','2012-05-28 18:31:49',NULL,'2012-05-28 18:31:49'),(7,26,'2012-08-14','0:0:PM','',134,330,'','no','','4','2012-08-27 10:49:13',NULL,'2012-08-27 10:49:13'),(8,28,'2012-08-29','4:4:PM','afsafdas',136,381,'saasdf asdfasdf asdfasdf asdfasdf','no',NULL,'1','2012-08-30 17:01:33','1','2012-08-30 17:01:33');

/*Table structure for table `reason_remarks` */

DROP TABLE IF EXISTS `reason_remarks`;

CREATE TABLE `reason_remarks` (
  `reason_remarks_id` int(11) NOT NULL AUTO_INCREMENT,
  `name` varchar(80) COLLATE utf8_unicode_ci DEFAULT NULL,
  `status_id` int(11) NOT NULL,
  `is_value` enum('yes','no') COLLATE utf8_unicode_ci DEFAULT 'no',
  `varInsertUser` varchar(30) COLLATE utf8_unicode_ci DEFAULT NULL,
  `dtInsertDT` datetime DEFAULT NULL,
  `varEditUser` varchar(30) COLLATE utf8_unicode_ci DEFAULT NULL,
  `dtLastUDT` timestamp NULL DEFAULT CURRENT_TIMESTAMP,
  PRIMARY KEY (`reason_remarks_id`),
  KEY `FK_reason_remarks` (`status_id`),
  CONSTRAINT `FK_reason_remarks` FOREIGN KEY (`status_id`) REFERENCES `status` (`status_id`) ON DELETE NO ACTION ON UPDATE NO ACTION
) ENGINE=InnoDB AUTO_INCREMENT=14 DEFAULT CHARSET=utf8 COLLATE=utf8_unicode_ci;

/*Data for the table `reason_remarks` */

insert  into `reason_remarks`(`reason_remarks_id`,`name`,`status_id`,`is_value`,`varInsertUser`,`dtInsertDT`,`varEditUser`,`dtLastUDT`) values (1,'Complaint not cognisible',6,'no','1','2012-05-03 02:33:54',NULL,'2012-05-03 14:33:54'),(2,'More than 12 months elapsed since events giving rise to complaint',6,'no','1','2012-05-03 02:36:10',NULL,'2012-05-03 14:36:10'),(3,'Resolved by mediation and conciliation',7,'no','1','2012-05-03 02:39:25',NULL,'2012-05-03 14:39:25'),(4,'Recommendation for litigation',7,'no','1','2012-05-03 02:39:38',NULL,'2012-05-03 14:39:38'),(5,'Recommendation to responsible authorities',7,'no','1','2012-05-03 02:39:50',NULL,'2012-05-03 14:39:50'),(6,'Report to relevant government agencies requesting action',7,'no','1','2012-05-03 02:40:01',NULL,'2012-05-03 14:40:01'),(7,'Follow up report to government agency',7,'no','1','2012-05-03 02:40:13',NULL,'2012-05-03 14:40:13'),(8,'Report to President',7,'no','1','2012-05-03 02:41:33',NULL,'2012-05-03 14:41:33'),(9,'President lays report in Parliament',7,'no','1','2012-05-03 02:48:50',NULL,'2012-05-03 14:48:50'),(10,'No further action or closed',7,'no','1','2012-05-03 02:49:06',NULL,'2012-05-03 14:49:06'),(11,'Complainant\'s rights remedied',8,'no','1','2012-05-03 02:49:24',NULL,'2012-05-03 14:49:24'),(12,'Apology',8,'no','1','2012-05-03 02:49:41',NULL,'2012-05-03 14:49:41'),(13,'Compensation paid (Amount: )',8,'yes','1','2012-05-03 02:49:58',NULL,'2012-05-03 14:49:58');

/*Table structure for table `reminder` */

DROP TABLE IF EXISTS `reminder`;

CREATE TABLE `reminder` (
  `id` bigint(20) unsigned NOT NULL AUTO_INCREMENT,
  `dtStartRemindDT` datetime NOT NULL,
  `dtEndRemindDT` datetime DEFAULT NULL,
  `varRemindText` varchar(1500) COLLATE utf8_unicode_ci NOT NULL,
  `enmRemindTo` enum('self','all','desk') COLLATE utf8_unicode_ci DEFAULT 'self',
  `intComplaintID` bigint(20) unsigned DEFAULT NULL,
  `intUserID` int(10) unsigned NOT NULL,
  `dtInsertDT` datetime NOT NULL,
  `enmStatus` enum('active','inactive') COLLATE utf8_unicode_ci DEFAULT 'active',
  `lastUDT` timestamp NOT NULL DEFAULT CURRENT_TIMESTAMP,
  PRIMARY KEY (`id`),
  KEY `NewIndex1` (`intComplaintID`)
) ENGINE=InnoDB AUTO_INCREMENT=19 DEFAULT CHARSET=utf8 COLLATE=utf8_unicode_ci;

/*Data for the table `reminder` */

insert  into `reminder`(`id`,`dtStartRemindDT`,`dtEndRemindDT`,`varRemindText`,`enmRemindTo`,`intComplaintID`,`intUserID`,`dtInsertDT`,`enmStatus`,`lastUDT`) values (7,'2012-08-02 09:23:00',NULL,'for self administrator user!','self',0,1,'2012-08-02 10:23:40','inactive','2012-08-02 10:23:40'),(8,'2012-08-02 11:08:00',NULL,'for admin desk','desk',0,1,'2012-08-02 11:09:06','inactive','2012-08-02 11:09:06'),(9,'2012-08-26 17:21:00','2012-08-26 11:10:00','for all desk','self',0,7,'2012-08-02 11:09:58','active','2012-08-02 11:09:58'),(10,'2012-08-02 11:13:00','2012-08-25 11:10:00','FOR ONLY ALL DESK','all',0,7,'2012-08-02 11:12:54','active','2012-08-02 11:12:54'),(11,'2012-08-05 10:01:00',NULL,'sdsdasf','self',14,1,'2012-08-05 10:24:59','inactive','2012-08-05 10:24:59'),(12,'2012-08-09 00:00:00',NULL,'sadfasd','self',13,1,'2012-08-26 18:59:22','inactive','2012-08-26 18:59:22'),(13,'2012-08-09 00:00:00',NULL,'fadfas','self',13,1,'2012-08-26 18:59:33','inactive','2012-08-26 18:59:33'),(14,'2012-08-29 00:00:00',NULL,'rytrty','self',0,1,'2012-08-28 10:18:52','inactive','2012-08-28 10:18:52'),(15,'2012-08-28 16:00:00',NULL,'gdfg','self',0,1,'2012-08-28 10:19:52','inactive','2012-08-28 10:19:52'),(16,'2012-08-27 17:59:00','2012-08-29 11:10:00','adfasdf','self',0,1,'2012-08-28 16:54:19','active','2012-08-28 16:54:19'),(17,'2012-09-13 00:00:00','2012-09-14 00:00:00','Donec quis lorem ut tellus pharetra euismod. Vestibulum ut metus vel enim aliquam ultricies rhoncus eget neque. Etiam in nisi tortor, at porta libero. Aenean leo sem, bibendum eu laoreet ut, consequat id nulla','all',14,1,'2012-09-11 12:43:17','active','2012-09-11 12:43:17'),(18,'2012-09-17 00:00:00',NULL,'Quisque molestie ultrices rutrum. In hac habitasse platea dictumst. Nullam non justo non urna facilisis fringilla. Lorem ipsum dolor sit amet, consectetur adipiscing elit.','self',14,1,'2012-09-11 12:43:50','active','2012-09-11 12:43:50');

/*Table structure for table `respondent_info` */

DROP TABLE IF EXISTS `respondent_info`;

CREATE TABLE `respondent_info` (
  `respondent_id` bigint(20) unsigned NOT NULL AUTO_INCREMENT,
  `complaint_id` bigint(20) unsigned NOT NULL,
  `respondent_type` enum('person','organization') COLLATE utf8_unicode_ci DEFAULT 'person',
  `respondent_name` varchar(150) COLLATE utf8_unicode_ci DEFAULT NULL,
  `respondent_designation` varchar(80) COLLATE utf8_unicode_ci DEFAULT NULL,
  `respondent_father_name` varchar(150) COLLATE utf8_unicode_ci DEFAULT NULL,
  `respondent_mother_name` varchar(150) COLLATE utf8_unicode_ci DEFAULT NULL,
  `respondent_spouse_name` varchar(150) COLLATE utf8_unicode_ci DEFAULT NULL,
  `respondent_member_decipline_force` enum('yes','no') COLLATE utf8_unicode_ci DEFAULT 'no',
  `decipline_force_member_yes` int(11) DEFAULT NULL,
  `respondent_member_decipline_no` int(11) DEFAULT NULL,
  `others_respondent` varchar(150) COLLATE utf8_unicode_ci DEFAULT NULL,
  `respondent_permanent_village` varchar(120) COLLATE utf8_unicode_ci DEFAULT NULL,
  `permanent_district` int(10) unsigned DEFAULT '0',
  `permanent_sub_district` int(10) unsigned DEFAULT '0',
  `respondent_permanent_phone` varchar(30) COLLATE utf8_unicode_ci DEFAULT NULL,
  `respondent_permanent_fax` varchar(30) COLLATE utf8_unicode_ci DEFAULT NULL,
  `respondent_permanent_email` varchar(120) COLLATE utf8_unicode_ci DEFAULT NULL,
  `respondent_present_village` varchar(120) COLLATE utf8_unicode_ci DEFAULT NULL,
  `present_district` int(10) unsigned DEFAULT '0',
  `present_sub_district` int(10) unsigned DEFAULT '0',
  `respondent_present_phone` varchar(30) COLLATE utf8_unicode_ci DEFAULT NULL,
  `respondent_present_fax` varchar(30) COLLATE utf8_unicode_ci DEFAULT NULL,
  `respondent_present_email` varchar(120) COLLATE utf8_unicode_ci DEFAULT NULL,
  `varInsertUser` varchar(30) COLLATE utf8_unicode_ci DEFAULT NULL,
  `dtInsertDt` datetime DEFAULT NULL,
  `varEditUser` varchar(30) COLLATE utf8_unicode_ci DEFAULT NULL,
  `dtLastUDT` timestamp NULL DEFAULT CURRENT_TIMESTAMP,
  PRIMARY KEY (`respondent_id`),
  KEY `NewIndex1` (`complaint_id`)
) ENGINE=InnoDB AUTO_INCREMENT=24 DEFAULT CHARSET=utf8 COLLATE=utf8_unicode_ci;

/*Data for the table `respondent_info` */

insert  into `respondent_info`(`respondent_id`,`complaint_id`,`respondent_type`,`respondent_name`,`respondent_designation`,`respondent_father_name`,`respondent_mother_name`,`respondent_spouse_name`,`respondent_member_decipline_force`,`decipline_force_member_yes`,`respondent_member_decipline_no`,`others_respondent`,`respondent_permanent_village`,`permanent_district`,`permanent_sub_district`,`respondent_permanent_phone`,`respondent_permanent_fax`,`respondent_permanent_email`,`respondent_present_village`,`present_district`,`present_sub_district`,`respondent_present_phone`,`respondent_present_fax`,`respondent_present_email`,`varInsertUser`,`dtInsertDt`,`varEditUser`,`dtLastUDT`) values (2,4,'person','dfasdf','asdfasd','asdfasdf','afsdfadsf','asdfasdf','yes',67,0,'','',149,492,'','','','',100,71,'','','','1','2012-05-14 13:43:55','1','2012-05-14 13:43:55'),(3,11,'person','asdfasd','asdfas','asdfasd','','','yes',62,0,'','fasdfas',139,401,'','','','dasfa',125,236,'','','','1','2012-05-15 14:49:59','1','2012-05-15 14:49:59'),(11,12,'person','11222','','','','','',0,0,'','',0,0,'','','','',0,0,'','','','1','2012-08-12 12:05:43','1','2012-08-12 12:05:43'),(15,6,'person','dsfasd','asdfasd','asdfasd','fasdfas','sadfasd','yes',66,NULL,'','fasdfa',120,250,'','','','',83,69,'','','','1','2012-08-27 10:44:50','1','2012-08-27 10:44:50'),(16,28,'person','Israfil Alam','manager',NULL,NULL,NULL,'no',NULL,NULL,NULL,NULL,0,0,NULL,NULL,NULL,'Rajshahi',136,381,'0','552345234','nadsfas@asfas.com','1','2012-08-30 17:01:33','1','2012-08-30 17:01:33'),(20,14,'','sss','','','','','',0,0,'','',0,0,'','','','',0,0,'','','','1','2012-09-02 14:46:20','1','2012-09-02 14:46:20'),(22,7,'','fff','','','','','',0,0,'','',0,0,'','','','',0,0,'','','','1','2012-09-02 15:00:31','1','2012-09-02 15:00:31'),(23,7,'','kk','','','','','',0,0,'','',0,0,'','','','',0,0,'','','','1','2012-09-02 15:00:31','1','2012-09-02 15:00:31');

/*Table structure for table `role` */

DROP TABLE IF EXISTS `role`;

CREATE TABLE `role` (
  `id` int(10) unsigned NOT NULL AUTO_INCREMENT,
  `varRole` varchar(100) COLLATE utf8_unicode_ci DEFAULT NULL,
  `lastUDT` timestamp NOT NULL DEFAULT CURRENT_TIMESTAMP,
  `varRoleName` varchar(100) COLLATE utf8_unicode_ci DEFAULT NULL,
  PRIMARY KEY (`id`)
) ENGINE=InnoDB AUTO_INCREMENT=8 DEFAULT CHARSET=utf8 COLLATE=utf8_unicode_ci;

/*Data for the table `role` */

insert  into `role`(`id`,`varRole`,`lastUDT`,`varRoleName`) values (1,'SUBMITION','2012-03-13 11:56:11','SUBMISSION'),(2,'DATAENTRY','2012-03-13 11:56:59','DATA ENTRY'),(3,'SETTINGS','2012-03-13 11:57:10','SETTINGS'),(4,'FIND','2012-03-13 11:57:23','FIND'),(5,'MYDESK','2012-03-13 11:57:28','MY DESK'),(6,'REPORT','2012-03-13 11:57:37','REPORT'),(7,'REMINDER','2012-03-13 11:57:57','REMINDER');

/*Table structure for table `role_previlizes` */

DROP TABLE IF EXISTS `role_previlizes`;

CREATE TABLE `role_previlizes` (
  `intRoleID` int(10) unsigned NOT NULL,
  `intDeskID` int(10) unsigned NOT NULL,
  `lastUDT` timestamp NOT NULL DEFAULT CURRENT_TIMESTAMP ON UPDATE CURRENT_TIMESTAMP,
  UNIQUE KEY `intRoleID` (`intRoleID`,`intDeskID`),
  CONSTRAINT `FK_role_previlizes` FOREIGN KEY (`intRoleID`) REFERENCES `role` (`id`) ON DELETE NO ACTION ON UPDATE NO ACTION
) ENGINE=InnoDB DEFAULT CHARSET=utf8 COLLATE=utf8_unicode_ci;

/*Data for the table `role_previlizes` */

insert  into `role_previlizes`(`intRoleID`,`intDeskID`,`lastUDT`) values (1,1,'2012-04-18 17:29:57'),(1,3,'2012-05-03 14:19:50'),(2,1,'2012-04-18 17:30:00'),(2,2,'2012-05-03 14:21:58'),(2,6,'2012-05-03 14:23:49'),(2,7,'2012-05-03 14:24:21'),(3,1,'2012-04-18 17:30:03'),(3,6,'2012-05-03 14:23:49'),(4,1,'2012-04-18 17:30:06'),(4,3,'2012-05-03 14:19:50'),(4,5,'2012-07-22 14:29:07'),(4,7,'2012-05-03 14:24:21'),(4,8,'2012-05-22 11:15:28'),(5,1,'2012-04-18 17:30:08'),(5,2,'2012-05-03 14:21:58'),(5,3,'2012-05-03 14:19:50'),(5,4,'2012-05-03 14:24:35'),(5,5,'2012-07-22 14:29:07'),(5,6,'2012-05-03 14:23:49'),(5,7,'2012-05-03 14:24:21'),(5,8,'2012-05-22 11:15:28'),(6,1,'2012-04-18 17:30:10'),(6,2,'2012-05-03 14:21:58'),(6,3,'2012-05-03 14:19:50'),(6,5,'2012-07-22 14:29:07'),(6,7,'2012-05-03 14:24:21'),(6,8,'2012-05-22 11:15:28'),(7,1,'2012-04-18 17:30:13'),(7,5,'2012-07-22 14:29:07'),(7,6,'2012-05-03 14:23:49'),(7,7,'2012-05-03 14:24:21'),(7,8,'2012-05-22 11:15:28');

/*Table structure for table `save_reason_remarks` */

DROP TABLE IF EXISTS `save_reason_remarks`;

CREATE TABLE `save_reason_remarks` (
  `save_reason_id` int(10) unsigned NOT NULL AUTO_INCREMENT,
  `complaint_id` bigint(20) unsigned DEFAULT NULL,
  `status_id` int(11) DEFAULT NULL,
  `reason_id` int(11) DEFAULT NULL,
  `reason_value` varchar(1000) COLLATE utf8_unicode_ci DEFAULT NULL,
  `varInsertUser` varchar(30) COLLATE utf8_unicode_ci DEFAULT NULL,
  `dtInsertDT` datetime DEFAULT NULL,
  `varEditUser` varchar(30) COLLATE utf8_unicode_ci DEFAULT NULL,
  `dtLastUDT` timestamp NULL DEFAULT CURRENT_TIMESTAMP,
  PRIMARY KEY (`save_reason_id`),
  KEY `FK_save_reason_remarks` (`reason_id`),
  KEY `NewIndex1` (`complaint_id`),
  CONSTRAINT `FK_save_reason_remarks` FOREIGN KEY (`reason_id`) REFERENCES `reason_remarks` (`reason_remarks_id`) ON DELETE NO ACTION ON UPDATE NO ACTION
) ENGINE=InnoDB DEFAULT CHARSET=utf8 COLLATE=utf8_unicode_ci;

/*Data for the table `save_reason_remarks` */

/*Table structure for table `status` */

DROP TABLE IF EXISTS `status`;

CREATE TABLE `status` (
  `status_id` int(11) NOT NULL AUTO_INCREMENT,
  `name` varchar(80) COLLATE utf8_unicode_ci DEFAULT NULL,
  `mode` enum('Initiate','Close','Process','Halt') COLLATE utf8_unicode_ci DEFAULT NULL,
  `status` enum('Active','Inactive') COLLATE utf8_unicode_ci DEFAULT 'Active',
  `varInsertUser` varchar(30) COLLATE utf8_unicode_ci DEFAULT NULL,
  `dtInsertDT` datetime DEFAULT NULL,
  `varEditUser` varchar(30) COLLATE utf8_unicode_ci DEFAULT NULL,
  `dtLastUDT` timestamp NULL DEFAULT CURRENT_TIMESTAMP,
  PRIMARY KEY (`status_id`)
) ENGINE=InnoDB AUTO_INCREMENT=26 DEFAULT CHARSET=utf8 COLLATE=utf8_unicode_ci;

/*Data for the table `status` */

insert  into `status`(`status_id`,`name`,`mode`,`status`,`varInsertUser`,`dtInsertDT`,`varEditUser`,`dtLastUDT`) values (1,'Submission','Process','Active',NULL,NULL,'1',NULL),(2,'Data Entry','Initiate','Active',NULL,NULL,'1',NULL),(5,'Dispatch','Close','Active','1','2012-04-12 10:31:33','1','2012-04-12 10:31:33'),(6,'Jurisdiction Declined','Initiate','Active','1','2012-05-03 02:31:48',NULL,'2012-05-03 14:31:48'),(7,'Upheld after investigation','Initiate','Active','1','2012-05-03 02:32:10',NULL,'2012-05-03 14:32:10'),(8,'Outcome where complaint settled','Initiate','Active','1','2012-05-03 02:32:27',NULL,'2012-05-03 14:32:27'),(9,'Forword','Process','Active','1','2012-05-03 03:56:44','1','2012-05-03 15:56:44'),(11,'Enter all fields','Process','Active','1','2012-05-03 04:10:04',NULL,'2012-05-03 16:10:04'),(12,'Check all fields','Process','Active','1','2012-05-03 04:10:22',NULL,'2012-05-03 16:10:22'),(13,'Check if HR issue','Process','Active','1','2012-05-03 04:10:37',NULL,'2012-05-03 16:10:37'),(14,'Close','Close','Active','1','2012-05-03 04:10:53',NULL,'2012-05-03 16:10:53'),(15,'Take Action','Initiate','Active','1','2012-05-03 04:11:16',NULL,'2012-05-03 16:11:16'),(16,'Finalize Action','Initiate','Active','1','2012-05-03 04:12:15',NULL,'2012-05-03 16:12:15'),(17,'Make action Remarks','Initiate','Active','1','2012-05-03 04:12:39',NULL,'2012-05-03 16:12:39'),(18,'Send for Gov response','Process','Active','1','2012-05-03 04:12:56',NULL,'2012-05-03 16:12:56'),(19,'Send for Investigation','Process','Active','1','2012-05-03 04:13:45',NULL,'2012-05-03 16:13:45'),(20,'Refer for mediation','Process','Active','1','2012-05-03 04:13:59',NULL,'2012-05-03 16:13:59'),(21,'Refer outside for referral','Process','Active','1','2012-05-03 04:14:16',NULL,'2012-05-03 16:14:16'),(23,'Received','Process','Active','1','2012-05-03 05:28:03',NULL,'2012-05-03 17:28:03'),(24,'Complaints Referred to NGO','Halt','Active','1','2012-06-11 02:20:30',NULL,'2012-06-11 14:20:30'),(25,'Complaints Received to NGO','Initiate','Active','1','2012-06-11 02:21:25',NULL,'2012-06-11 14:21:25');

/*Table structure for table `status_path` */

DROP TABLE IF EXISTS `status_path`;

CREATE TABLE `status_path` (
  `present_status_id` int(11) NOT NULL DEFAULT '0',
  `present_desk_id` int(11) NOT NULL DEFAULT '0',
  `next_status_id` int(11) NOT NULL DEFAULT '0',
  `varInsertUser` varchar(30) COLLATE utf8_unicode_ci DEFAULT NULL,
  `dtInsertDT` datetime DEFAULT NULL,
  `varEditUser` varchar(30) COLLATE utf8_unicode_ci DEFAULT NULL,
  `dtLastUDT` timestamp NULL DEFAULT CURRENT_TIMESTAMP,
  PRIMARY KEY (`present_status_id`,`present_desk_id`,`next_status_id`),
  CONSTRAINT `FK_status_path` FOREIGN KEY (`present_status_id`) REFERENCES `status` (`status_id`) ON DELETE NO ACTION ON UPDATE NO ACTION
) ENGINE=InnoDB DEFAULT CHARSET=utf8 COLLATE=utf8_unicode_ci;

/*Data for the table `status_path` */

insert  into `status_path`(`present_status_id`,`present_desk_id`,`next_status_id`,`varInsertUser`,`dtInsertDT`,`varEditUser`,`dtLastUDT`) values (1,3,1,'1','2012-05-03 04:35:32',NULL,'2012-05-03 16:35:32'),(1,3,2,'1','2012-05-03 04:35:32',NULL,'2012-05-03 16:35:32'),(2,2,2,'1','2012-05-22 10:22:02',NULL,'2012-05-22 10:22:02'),(2,2,9,'1','2012-05-22 10:22:02',NULL,'2012-05-22 10:22:02'),(2,2,23,'1','2012-05-22 10:22:02',NULL,'2012-05-22 10:22:02'),(9,2,23,'1','2012-05-03 05:46:23',NULL,'2012-05-03 17:46:23'),(9,4,23,'1','2012-05-03 05:46:40',NULL,'2012-05-03 17:46:40'),(9,5,23,'1','2012-05-03 05:46:18',NULL,'2012-05-03 17:46:18'),(9,6,23,'1','2012-05-03 05:46:31',NULL,'2012-05-03 17:46:31'),(9,7,23,'1','2012-05-03 05:46:36',NULL,'2012-05-03 17:46:36'),(9,8,23,'1','2012-05-03 05:46:28',NULL,'2012-05-03 17:46:28'),(12,5,7,'1','2012-05-03 05:30:45',NULL,'2012-05-03 17:30:45'),(12,5,8,'1','2012-05-03 05:30:45',NULL,'2012-05-03 17:30:45'),(12,5,9,'1','2012-05-03 05:30:45',NULL,'2012-05-03 17:30:45'),(12,5,15,'1','2012-05-03 05:30:45',NULL,'2012-05-03 17:30:45'),(13,5,7,'1','2012-05-03 05:31:47',NULL,'2012-05-03 17:31:47'),(13,5,8,'1','2012-05-03 05:31:47',NULL,'2012-05-03 17:31:47'),(13,5,9,'1','2012-05-03 05:31:47',NULL,'2012-05-03 17:31:47'),(13,5,15,'1','2012-05-03 05:31:47',NULL,'2012-05-03 17:31:47'),(16,8,14,'1','2012-05-22 11:32:18',NULL,'2012-05-22 11:32:18'),(23,5,7,'1','2012-05-03 05:31:09',NULL,'2012-05-03 17:31:09'),(23,5,8,'1','2012-05-03 05:31:09',NULL,'2012-05-03 17:31:09'),(23,5,9,'1','2012-05-03 05:31:09',NULL,'2012-05-03 17:31:09'),(23,5,15,'1','2012-05-03 05:31:09',NULL,'2012-05-03 17:31:09'),(23,6,9,'1','2012-05-03 05:41:36',NULL,'2012-05-03 17:41:36'),(23,6,17,'1','2012-05-03 05:41:36',NULL,'2012-05-03 17:41:36'),(23,7,9,'1','2012-05-03 05:44:48',NULL,'2012-05-03 17:44:48'),(23,7,14,'1','2012-05-03 05:44:48',NULL,'2012-05-03 17:44:48'),(23,7,18,'1','2012-05-03 05:44:49',NULL,'2012-05-03 17:44:49'),(23,7,19,'1','2012-05-03 05:44:49',NULL,'2012-05-03 17:44:49'),(23,7,20,'1','2012-05-03 05:44:49',NULL,'2012-05-03 17:44:49'),(23,7,21,'1','2012-05-03 05:44:49',NULL,'2012-05-03 17:44:49'),(23,8,16,'1','2012-05-03 05:36:30',NULL,'2012-05-03 17:36:30');

/*Table structure for table `sub_district` */

DROP TABLE IF EXISTS `sub_district`;

CREATE TABLE `sub_district` (
  `sub_district_id` int(10) unsigned NOT NULL AUTO_INCREMENT,
  `sub_district_name` varchar(50) COLLATE utf8_unicode_ci DEFAULT NULL,
  `district_id` int(10) unsigned NOT NULL,
  `varInsertUser` varchar(30) COLLATE utf8_unicode_ci DEFAULT NULL,
  `dtinsertDt` datetime DEFAULT NULL,
  `varEditUser` varchar(30) COLLATE utf8_unicode_ci DEFAULT NULL,
  `dtLastUDT` timestamp NULL DEFAULT CURRENT_TIMESTAMP,
  PRIMARY KEY (`sub_district_id`),
  KEY `FK_sub_district` (`district_id`),
  CONSTRAINT `FK_sub_district` FOREIGN KEY (`district_id`) REFERENCES `district` (`district_id`) ON DELETE NO ACTION ON UPDATE CASCADE
) ENGINE=InnoDB AUTO_INCREMENT=564 DEFAULT CHARSET=utf8 COLLATE=utf8_unicode_ci;

/*Data for the table `sub_district` */

insert  into `sub_district`(`sub_district_id`,`sub_district_name`,`district_id`,`varInsertUser`,`dtinsertDt`,`varEditUser`,`dtLastUDT`) values (47,'Savar',83,NULL,NULL,NULL,'2012-05-03 12:36:07'),(48,'Dhamrai',83,NULL,NULL,NULL,'2012-05-03 12:36:07'),(49,'Dohar',83,NULL,NULL,NULL,'2012-05-03 12:36:07'),(50,'Keraniganj',83,NULL,NULL,NULL,'2012-05-03 12:36:07'),(51,'Kaliakair',1,NULL,NULL,NULL,'2012-05-03 12:36:06'),(52,'Kapasia',1,NULL,NULL,NULL,'2012-05-03 12:36:07'),(69,'Nawabganj',83,NULL,NULL,NULL,'2012-05-03 12:36:10'),(70,'Kashiani',100,NULL,NULL,NULL,'2012-05-03 12:36:03'),(71,'Kotalipara',100,NULL,NULL,NULL,'2012-05-03 12:36:03'),(72,'Muksudpur',100,NULL,NULL,NULL,'2012-05-03 12:36:10'),(73,'Tungipara',100,NULL,NULL,NULL,'2012-05-03 12:36:03'),(74,'Gazipur Sadar',1,NULL,NULL,NULL,'2012-05-03 12:36:03'),(75,'Kaliganj',1,NULL,NULL,'1','2012-05-03 12:36:10'),(76,'Sreepur',1,NULL,NULL,NULL,'2012-05-03 12:36:10'),(77,'Faridpur Sadar',99,NULL,NULL,NULL,'2012-05-03 12:36:03'),(78,'Boalmari',99,NULL,NULL,NULL,'2012-05-03 12:36:10'),(79,'Alfadanga',99,NULL,NULL,NULL,'2012-05-03 12:36:03'),(80,'Madhukhali',99,NULL,NULL,NULL,'2012-05-03 12:36:10'),(81,'Bhanga',99,NULL,NULL,NULL,'2012-05-03 12:36:10'),(82,'Nagarkanda',99,NULL,NULL,NULL,'2012-05-03 12:36:10'),(83,'Sadarpur',99,NULL,NULL,NULL,'2012-05-03 12:36:10'),(84,'Shaltha',99,NULL,NULL,NULL,'2012-05-03 12:36:03'),(85,'Dewanganj',101,NULL,NULL,NULL,'2012-05-03 12:36:10'),(86,'Baksiganj',101,NULL,NULL,NULL,'2012-05-03 12:36:10'),(87,'Islampur',101,NULL,NULL,NULL,'2012-05-03 12:36:03'),(88,'Jamalpur Sadar',101,NULL,NULL,NULL,'2012-05-03 12:36:03'),(89,'Madarganj',101,NULL,NULL,NULL,'2012-05-03 12:36:10'),(90,'Melandaha',101,NULL,NULL,NULL,'2012-05-03 12:36:10'),(91,'Sarishabari',101,NULL,NULL,NULL,'2012-05-03 12:36:10'),(92,'Astagram',102,NULL,NULL,NULL,'2012-05-03 12:36:03'),(93,'Bajitpur',102,NULL,NULL,NULL,'2012-05-03 12:36:03'),(94,'Bhairab',102,NULL,NULL,NULL,'2012-05-03 12:36:03'),(95,'Hossainpur',102,NULL,NULL,NULL,'2012-05-03 12:36:03'),(96,'Itna',102,NULL,NULL,NULL,'2012-05-03 12:36:04'),(97,'Karimganj',102,NULL,NULL,NULL,'2012-05-03 12:36:04'),(98,'Katiadi',102,NULL,NULL,NULL,'2012-05-03 12:36:04'),(99,'Kishoreganj Sadar',102,NULL,NULL,NULL,'2012-05-03 12:36:04'),(100,'Kuliarchar',102,NULL,NULL,NULL,'2012-05-03 12:36:04'),(101,'Mithamain',102,NULL,NULL,NULL,'2012-05-03 12:36:04'),(102,'Nikli',102,NULL,NULL,NULL,'2012-05-03 12:36:04'),(103,'Pakundia',102,NULL,NULL,NULL,'2012-05-03 12:36:04'),(104,'Tarail',102,NULL,NULL,NULL,'2012-05-03 12:36:04'),(105,'Madaripur Sadar',103,NULL,NULL,NULL,'2012-05-03 12:36:04'),(106,'Kalkini',103,NULL,NULL,NULL,'2012-05-03 12:36:04'),(107,'Rajoir',103,NULL,NULL,NULL,'2012-05-03 12:36:04'),(109,'Shibchar',103,NULL,NULL,NULL,'2012-05-03 12:36:10'),(110,'Manikganj Sadar',104,NULL,NULL,NULL,'2012-05-03 12:36:10'),(111,'Singair',104,NULL,NULL,NULL,'2012-05-03 12:36:10'),(112,'Shivalaya',104,NULL,NULL,NULL,'2012-05-03 12:36:10'),(113,'Saturia',104,NULL,NULL,NULL,'2012-05-03 12:36:04'),(114,'Harirampur',104,NULL,NULL,NULL,'2012-05-03 12:36:04'),(115,'Ghior',104,NULL,NULL,NULL,'2012-05-03 12:36:04'),(116,'Daulatpur',104,NULL,NULL,NULL,'2012-05-03 12:36:10'),(117,'Lohaganj',105,NULL,NULL,'1','2012-05-03 12:36:10'),(118,'Sreenagar',105,NULL,NULL,NULL,'2012-05-03 12:36:10'),(119,'Munshiganj Sadar',105,NULL,NULL,NULL,'2012-05-03 12:36:10'),(120,'Sirajdikhan',105,NULL,NULL,NULL,'2012-05-03 12:36:04'),(121,'Tongibari',105,NULL,NULL,NULL,'2012-05-03 12:36:04'),(122,'Gazaria',105,NULL,NULL,NULL,'2012-05-03 12:36:04'),(123,'Bhaluka',72,NULL,NULL,NULL,'2012-05-03 12:36:04'),(124,'Trishal',72,NULL,NULL,NULL,'2012-05-03 12:36:04'),(125,'Haluaghat',72,NULL,NULL,NULL,'2012-05-03 12:36:04'),(126,'Muktagachha',72,NULL,NULL,NULL,'2012-05-03 12:36:04'),(127,'Dhobaura',72,NULL,NULL,NULL,'2012-05-03 12:36:10'),(128,'Fulbaria',72,NULL,NULL,NULL,'2012-05-03 12:36:10'),(129,'Gaffargaon',72,NULL,NULL,NULL,'2012-05-03 12:36:10'),(130,'Gauripur',72,NULL,NULL,NULL,'2012-05-03 12:36:04'),(131,'Ishwarganj',72,NULL,NULL,NULL,'2012-05-03 12:36:04'),(132,'Mymensingh Sadar',72,NULL,NULL,NULL,'2012-05-03 12:36:04'),(133,'Nandail',72,NULL,NULL,NULL,'2012-05-03 12:36:04'),(134,'Phulpur',72,NULL,NULL,NULL,'2012-05-03 12:36:04'),(135,'Araihazar',38,NULL,NULL,NULL,'2012-05-03 12:36:04'),(136,'Sonargaon',38,NULL,NULL,NULL,'2012-05-03 12:36:10'),(137,'Bandar',38,NULL,NULL,NULL,'2012-05-03 12:36:10'),(138,'Naryanganj Sadar',38,NULL,NULL,NULL,'2012-05-03 12:36:10'),(139,'Rupganj',38,NULL,NULL,NULL,'2012-05-03 12:36:10'),(140,'Siddhirgonj',38,NULL,NULL,'1','2012-05-03 12:36:04'),(141,'Belabo',106,NULL,NULL,NULL,'2012-05-03 12:36:04'),(142,'Monohardi',106,NULL,NULL,NULL,'2012-05-03 12:36:10'),(143,'Narsingdi Sadar',106,NULL,NULL,NULL,'2012-05-03 12:36:10'),(144,'Palash',106,NULL,NULL,NULL,'2012-05-03 12:36:04'),(145,'Raipura',106,NULL,NULL,NULL,'2012-05-03 12:36:04'),(146,'Shibpur',106,NULL,NULL,NULL,'2012-05-03 12:36:04'),(147,'Mohangonj',106,NULL,NULL,NULL,'2012-05-03 12:36:04'),(148,'Madan',73,NULL,NULL,'1','2012-05-03 12:36:04'),(149,'Khaliajuri',106,NULL,NULL,NULL,'2012-05-03 12:36:10'),(150,'Purbadhala',73,NULL,NULL,'1','2012-05-03 12:36:10'),(151,'Durgapur',73,NULL,NULL,NULL,'2012-05-03 12:36:10'),(152,'Kendua',73,NULL,NULL,NULL,'2012-05-03 12:36:10'),(153,'Kalmakanda',73,NULL,NULL,'1','2012-05-03 12:36:04'),(154,'Barhatta',73,NULL,NULL,NULL,'2012-05-03 12:36:04'),(155,'Atpara',73,NULL,NULL,NULL,'2012-05-03 12:36:10'),(156,'Netrakona Sadar',73,NULL,NULL,NULL,'2012-05-03 12:36:04'),(157,'Baliakandi',107,NULL,NULL,NULL,'2012-05-03 12:36:04'),(158,'Goalandaghat',107,NULL,NULL,'1','2012-05-03 12:36:04'),(159,'Pangsha',107,NULL,NULL,NULL,'2012-05-03 12:36:10'),(160,'Kalukhali',107,NULL,NULL,'1','2012-05-03 12:36:10'),(161,'Rajbari Sadar',107,NULL,NULL,NULL,'2012-05-03 12:36:11'),(162,'Shariatpur Sadar',108,NULL,NULL,NULL,'2012-05-03 12:36:11'),(163,'Naria',108,NULL,NULL,NULL,'2012-05-03 12:36:11'),(164,'Zanjira',108,NULL,NULL,NULL,'2012-05-03 12:36:04'),(165,'Damudya',108,NULL,NULL,NULL,'2012-05-03 12:36:04'),(166,'Bhedarganj',108,NULL,NULL,NULL,'2012-05-03 12:36:04'),(167,'Gosairhat',108,NULL,NULL,NULL,'2012-05-03 12:36:11'),(168,'Shakhipur',108,NULL,NULL,NULL,'2012-05-03 12:36:11'),(169,'Jhenaigati',28,NULL,NULL,NULL,'2012-05-03 12:36:04'),(170,'Nakla',28,NULL,NULL,NULL,'2012-05-03 12:36:04'),(171,'Nalitabari',108,NULL,NULL,NULL,'2012-05-03 12:36:04'),(172,'Sherpur Sadar',28,NULL,NULL,NULL,'2012-05-03 12:36:04'),(173,'Sreebardi',28,NULL,NULL,NULL,'2012-05-03 12:36:04'),(174,'Bandarban Sadar',124,NULL,NULL,NULL,'2012-05-03 12:36:11'),(175,'Thanchi',124,NULL,NULL,NULL,'2012-05-03 12:36:05'),(176,'Lama',124,NULL,NULL,NULL,'2012-05-03 12:36:05'),(177,'Naikhongchhari',124,NULL,NULL,NULL,'2012-05-03 12:36:11'),(178,'Ali kadam',124,NULL,NULL,NULL,'2012-05-03 12:36:05'),(179,'Rowangchhari',124,NULL,NULL,NULL,'2012-05-03 12:36:11'),(180,'Ruma',124,NULL,NULL,NULL,'2012-05-03 12:36:11'),(181,'Brahmanbaria Sadar',115,NULL,NULL,NULL,'2012-05-03 12:36:11'),(182,'Ashuganj',115,NULL,NULL,NULL,'2012-05-03 12:36:11'),(183,'Nasirnagar',115,NULL,NULL,NULL,'2012-05-03 12:36:11'),(184,'Nabinagar',115,NULL,NULL,NULL,'2012-05-03 12:36:11'),(185,'Sarail',115,NULL,NULL,NULL,'2012-05-03 12:36:05'),(186,'Kasba',115,NULL,NULL,NULL,'2012-05-03 12:36:05'),(187,'Akhaura',115,NULL,NULL,NULL,'2012-05-03 12:36:05'),(188,'Bancharampur',115,NULL,NULL,NULL,'2012-05-03 12:36:05'),(189,'Bijoynagar',115,NULL,NULL,NULL,'2012-05-03 12:36:11'),(190,'Chandpur Sadar',117,NULL,NULL,NULL,'2012-05-03 12:36:05'),(191,'Faridganj',117,NULL,NULL,NULL,'2012-05-03 12:36:05'),(192,'Haimchar',117,NULL,NULL,NULL,'2012-05-03 12:36:05'),(193,'Haziganj',117,NULL,NULL,NULL,'2012-05-03 12:36:05'),(194,'Kachua',117,NULL,NULL,NULL,'2012-05-03 12:36:05'),(195,'Matlab Uttar',117,NULL,NULL,NULL,'2012-05-03 12:36:11'),(196,'Matlab Dakkhin',117,NULL,NULL,NULL,'2012-05-03 12:36:11'),(197,'Shahrasti',117,NULL,NULL,NULL,'2012-05-03 12:36:11'),(198,'Anwara',121,NULL,NULL,NULL,'2012-05-03 12:36:07'),(199,'Banshkhali',121,NULL,NULL,NULL,'2012-05-03 12:36:05'),(200,'Boalkhali',121,NULL,NULL,NULL,'2012-05-03 12:36:05'),(201,'Chandanaish',121,NULL,NULL,NULL,'2012-05-03 12:36:05'),(202,'Fatikchhari',121,NULL,NULL,NULL,'2012-05-03 12:36:07'),(203,'Hathazari',121,NULL,NULL,NULL,'2012-05-03 12:36:07'),(204,'Lohagara',121,NULL,NULL,NULL,'2012-05-03 12:36:07'),(205,'Mirsharai',121,NULL,NULL,NULL,'2012-05-03 12:36:07'),(206,'Patiya',121,NULL,NULL,NULL,'2012-05-03 12:36:07'),(207,'Rangunia',121,NULL,NULL,NULL,'2012-05-03 12:36:05'),(208,'Raozan',121,NULL,NULL,NULL,'2012-05-03 12:36:05'),(209,'Sandwip',121,NULL,NULL,NULL,'2012-05-03 12:36:05'),(210,'Satkania',121,NULL,NULL,NULL,'2012-05-03 12:36:05'),(211,'Sitakunda',121,NULL,NULL,NULL,'2012-05-03 12:36:07'),(212,'Begumganj',119,NULL,NULL,NULL,'2012-05-03 12:36:05'),(213,'Noakhali Sadar',119,NULL,NULL,NULL,'2012-05-03 12:36:05'),(214,'Chatkhil',119,NULL,NULL,NULL,'2012-05-03 12:36:05'),(216,'Hatiya',119,NULL,NULL,NULL,'2012-05-03 12:36:07'),(217,'Senbagh',119,NULL,NULL,NULL,'2012-05-03 12:36:07'),(218,'Sonaimuri',119,NULL,NULL,NULL,'2012-05-03 12:36:05'),(219,'Subarnachar',119,NULL,NULL,NULL,'2012-05-03 12:36:05'),(220,'Kabirhat',119,NULL,NULL,NULL,'2012-05-03 12:36:05'),(221,'Lakshmipur Sadar',118,NULL,NULL,NULL,'2012-05-03 12:36:07'),(222,'Raipur',118,NULL,NULL,NULL,'2012-05-03 12:36:07'),(223,'Ramganj',118,NULL,NULL,NULL,'2012-05-03 12:36:07'),(224,'Ramgati',118,NULL,NULL,NULL,'2012-05-03 12:36:05'),(225,'Kamal Nagar',118,NULL,NULL,NULL,'2012-05-03 12:36:05'),(226,'Chakaria',125,NULL,NULL,NULL,'2012-05-03 12:36:07'),(227,'Cox&#039;s Bazar Sadar',121,NULL,NULL,NULL,'2012-05-03 12:36:07'),(228,'Kutubdia',121,NULL,NULL,NULL,'2012-05-03 12:36:07'),(229,'Maheshkhali',125,NULL,NULL,NULL,'2012-05-03 12:36:07'),(230,'Ramu',125,NULL,NULL,NULL,'2012-05-03 12:36:05'),(231,'Teknaf',125,NULL,NULL,NULL,'2012-05-03 12:36:05'),(232,'Ukhia',121,NULL,NULL,NULL,'2012-05-03 12:36:05'),(233,'Barura',116,NULL,NULL,NULL,'2012-05-03 12:36:07'),(234,'Brahmanpara',116,NULL,NULL,NULL,'2012-05-03 12:36:07'),(235,'Burichong',125,NULL,NULL,NULL,'2012-05-03 12:36:07'),(236,'Chandina',125,NULL,NULL,NULL,'2012-05-03 12:36:05'),(237,'Chauddagram',125,NULL,NULL,NULL,'2012-05-03 12:36:05'),(238,'Daudkandi',116,NULL,NULL,NULL,'2012-05-03 12:36:05'),(239,'Debidwar',116,NULL,NULL,NULL,'2012-05-03 12:36:07'),(240,'Homna',125,NULL,NULL,NULL,'2012-05-03 12:36:07'),(241,'Laksam',116,NULL,NULL,NULL,'2012-05-03 12:36:07'),(242,'Muradnagar',116,NULL,NULL,NULL,'2012-05-03 12:36:07'),(243,'Nangalkot',116,NULL,NULL,NULL,'2012-05-03 12:36:05'),(244,'Comilla Sadar',116,NULL,NULL,NULL,'2012-05-03 12:36:05'),(245,'Meghna',116,NULL,NULL,NULL,'2012-05-03 12:36:05'),(246,'Titas',116,NULL,NULL,NULL,'2012-05-03 12:36:05'),(247,'Monohargonj',116,NULL,NULL,NULL,'2012-05-03 12:36:07'),(248,'Sadar South',116,NULL,NULL,NULL,'2012-05-03 12:36:07'),(249,'Chhagalnaiya',120,NULL,NULL,NULL,'2012-05-03 12:36:07'),(250,'Daganbhuiyan',120,NULL,NULL,NULL,'2012-05-03 12:36:07'),(251,'Feni Sadar',120,NULL,NULL,NULL,'2012-05-03 12:36:08'),(252,'Parshuram',120,NULL,NULL,NULL,'2012-05-03 12:36:08'),(253,'Sonagazi',120,NULL,NULL,NULL,'2012-05-03 12:36:08'),(254,'Fulgazi',120,NULL,NULL,NULL,'2012-05-03 12:36:05'),(255,'Dighinala',122,NULL,NULL,NULL,'2012-05-03 12:36:05'),(256,'Khagrachhari',120,NULL,NULL,NULL,'2012-05-03 12:36:05'),(257,'Lakshmichhari',120,NULL,NULL,NULL,'2012-05-03 12:36:05'),(258,'Mahalchhari',122,NULL,NULL,NULL,'2012-05-03 12:36:08'),(259,'Manikchhari',122,NULL,NULL,NULL,'2012-05-03 12:36:05'),(260,'Matiranga',122,NULL,NULL,NULL,'2012-05-03 12:36:05'),(261,'Panchhari',122,NULL,NULL,NULL,'2012-05-03 12:36:05'),(262,'Ramgarh',122,NULL,NULL,NULL,'2012-05-03 12:36:05'),(263,'Baghaichari',123,NULL,NULL,NULL,'2012-05-03 12:36:08'),(264,'Barkal',123,NULL,NULL,NULL,'2012-05-03 12:36:08'),(265,'Kawkhali (Betbunia)',123,NULL,NULL,NULL,'2012-05-03 12:36:05'),(266,'Belaichari',123,NULL,NULL,NULL,'2012-05-03 12:36:05'),(267,'Kaptai',123,NULL,NULL,NULL,'2012-05-03 12:36:05'),(268,'Juraichari',123,NULL,NULL,NULL,'2012-05-03 12:36:08'),(269,'Langadu',123,NULL,NULL,NULL,'2012-05-03 12:36:08'),(270,'Nanierchar',123,NULL,NULL,NULL,'2012-05-03 12:36:08'),(271,'Rajasthali',123,NULL,NULL,NULL,'2012-05-03 12:36:06'),(272,'Rangamati Sadar',123,NULL,NULL,NULL,'2012-05-03 12:36:06'),(273,'Barlekha',127,NULL,NULL,NULL,'2012-05-03 12:36:08'),(274,'Kamalganj',127,NULL,NULL,NULL,'2012-05-03 12:36:08'),(275,'Kulaura',127,NULL,NULL,NULL,'2012-05-03 12:36:08'),(276,'Maulvibazar Sadar',127,NULL,NULL,NULL,'2012-05-03 12:36:08'),(277,'Rajnagar',127,NULL,NULL,NULL,'2012-05-03 12:36:08'),(278,'Sreemangal',127,NULL,NULL,NULL,'2012-05-03 12:36:08'),(279,'Juri',127,NULL,NULL,NULL,'2012-05-03 12:36:08'),(280,'Bishwamvarpur',128,NULL,NULL,NULL,'2012-05-03 12:36:08'),(281,'Chhatak',128,NULL,NULL,NULL,'2012-05-03 12:36:06'),(282,'Derai',128,NULL,NULL,NULL,'2012-05-03 12:36:06'),(283,'Dharampasha',128,NULL,NULL,NULL,'2012-05-03 12:36:06'),(284,'Dowarabazar',128,NULL,NULL,NULL,'2012-05-03 12:36:08'),(285,'Jagannathpur',128,NULL,NULL,NULL,'2012-05-03 12:36:06'),(286,'Jamalganj',128,NULL,NULL,NULL,'2012-05-03 12:36:08'),(287,'Sullah',128,NULL,NULL,NULL,'2012-05-03 12:36:06'),(288,'Sunamganj Sadar',128,NULL,NULL,NULL,'2012-05-03 12:36:06'),(289,'Tahirpur',128,NULL,NULL,NULL,'2012-05-03 12:36:06'),(290,'Ajmiriganj',126,NULL,NULL,NULL,'2012-05-03 12:36:06'),(291,'Bahubal',126,NULL,NULL,NULL,'2012-05-03 12:36:08'),(292,'Baniyachong',126,NULL,NULL,NULL,'2012-05-03 12:36:08'),(293,'Chunarughat',128,NULL,NULL,NULL,'2012-05-03 12:36:08'),(294,'Habiganj Sadar',126,NULL,NULL,NULL,'2012-05-03 12:36:08'),(295,'Lakhai',126,NULL,NULL,NULL,'2012-05-03 12:36:06'),(296,'Madhabpur',126,NULL,NULL,NULL,'2012-05-03 12:36:06'),(297,'Nabiganj',126,NULL,NULL,NULL,'2012-05-03 12:36:06'),(298,'Balaganj',129,NULL,NULL,NULL,'2012-05-03 12:36:06'),(299,'Beanibazar',129,NULL,NULL,NULL,'2012-05-03 12:36:08'),(300,'Bishwanath',129,NULL,NULL,NULL,'2012-05-03 12:36:08'),(301,'Companiganj',129,NULL,NULL,NULL,'2012-05-03 12:36:08'),(302,'Fenchuganj',129,NULL,NULL,NULL,'2012-05-03 12:36:06'),(303,'Golapganj',129,NULL,NULL,NULL,'2012-05-03 12:36:06'),(304,'Gowainghat',129,NULL,NULL,NULL,'2012-05-03 12:36:06'),(305,'Jaintiapur',129,NULL,NULL,NULL,'2012-05-03 12:36:07'),(306,'Kanaighat',129,NULL,NULL,NULL,'2012-05-03 12:36:08'),(307,'Sylhet Sadar',129,NULL,NULL,NULL,'2012-05-03 12:36:08'),(308,'Zakiganj',129,NULL,NULL,NULL,'2012-05-03 12:36:08'),(309,'Adamdighi',130,NULL,NULL,NULL,'2012-05-03 12:36:08'),(310,'Bogra Sadar',130,NULL,NULL,NULL,'2012-05-03 12:36:08'),(311,'Dhunat',130,NULL,NULL,NULL,'2012-05-03 12:36:06'),(312,'Dupchanchia',130,NULL,NULL,NULL,'2012-05-03 12:36:06'),(313,'Gabtali',130,NULL,NULL,NULL,'2012-05-03 12:36:06'),(314,'Kahaloo',130,NULL,NULL,NULL,'2012-05-03 12:36:06'),(315,'Nandigram',130,NULL,NULL,NULL,'2012-05-03 12:36:08'),(316,'Sariakandi',130,NULL,NULL,NULL,'2012-05-03 12:36:08'),(317,'Sahajanpur',130,NULL,NULL,NULL,'2012-05-03 12:36:08'),(318,'Sherpur',130,NULL,NULL,NULL,'2012-05-03 12:36:08'),(319,'Shibganj',130,NULL,NULL,NULL,'2012-05-03 12:36:06'),(320,'Sonatala',130,NULL,NULL,NULL,'2012-05-03 12:36:06'),(321,'Bagatipara',133,NULL,NULL,NULL,'2012-05-03 12:36:06'),(322,'Baraigram',133,NULL,NULL,NULL,'2012-05-03 12:36:06'),(323,'Gurudaspur',133,NULL,NULL,NULL,'2012-05-03 12:36:06'),(324,'Lalpur',133,NULL,NULL,NULL,'2012-05-03 12:36:06'),(325,'Natore Sadar',133,NULL,NULL,NULL,'2012-05-03 12:36:08'),(326,'Singra',133,NULL,NULL,NULL,'2012-05-03 12:36:08'),(327,'Bholahat',134,NULL,NULL,NULL,'2012-05-03 12:36:08'),(328,'Gomastapur',134,NULL,NULL,NULL,'2012-05-03 12:36:06'),(329,'Nachole',134,NULL,NULL,NULL,'2012-05-03 12:36:06'),(330,'Nawabganj Sadar',134,NULL,NULL,NULL,'2012-05-03 12:36:06'),(331,'Shibganj',134,NULL,NULL,NULL,'2012-05-03 12:36:06'),(339,'Atgharia',135,NULL,NULL,NULL,'2012-05-03 12:36:08'),(340,'Bera',135,NULL,NULL,NULL,'2012-05-03 12:36:08'),(341,'Bhangura',135,NULL,NULL,NULL,'2012-05-03 12:36:08'),(342,'Chatmohar',135,NULL,NULL,NULL,'2012-05-03 12:36:06'),(343,'Faridpur',135,NULL,NULL,NULL,'2012-05-03 12:36:06'),(344,'Ishwardi',135,NULL,NULL,NULL,'2012-05-03 12:36:08'),(345,'Pabna Sadar',135,NULL,NULL,NULL,'2012-05-03 12:36:08'),(346,'Santhia',135,NULL,NULL,NULL,'2012-05-03 12:36:08'),(347,'Sujanagar',135,NULL,NULL,NULL,'2012-05-03 12:36:08'),(348,'Satbaria',135,NULL,NULL,NULL,'2012-05-03 12:36:08'),(349,'Belkuchi',137,NULL,NULL,NULL,'2012-05-03 12:36:08'),(350,'Chauhali',137,NULL,NULL,NULL,'2012-05-03 12:36:08'),(351,'Kamarkhanda',137,NULL,NULL,NULL,'2012-05-03 12:36:06'),(352,'Kazipur',137,NULL,NULL,NULL,'2012-05-03 12:36:06'),(353,'Raiganj',137,NULL,NULL,NULL,'2012-05-03 12:36:06'),(354,'Shahjadpur',137,NULL,NULL,NULL,'2012-05-03 12:36:06'),(355,'Sirajgonj Sadar',137,NULL,NULL,NULL,'2012-05-03 12:36:08'),(356,'Tarash',137,NULL,NULL,NULL,'2012-05-03 12:36:09'),(357,'Ullahpara',137,NULL,NULL,NULL,'2012-05-03 12:36:09'),(358,'Akkelpur',131,NULL,NULL,NULL,'2012-05-03 12:36:09'),(359,'Joypurhat Sadar',131,NULL,NULL,NULL,'2012-05-03 12:36:09'),(360,'Kalai',131,NULL,NULL,NULL,'2012-05-03 12:36:09'),(361,'Khetlal',131,NULL,NULL,NULL,'2012-05-03 12:36:09'),(362,'Panchbibi',131,NULL,NULL,NULL,'2012-05-03 12:36:09'),(363,'Atrai',132,NULL,NULL,NULL,'2012-05-03 12:36:09'),(364,'Badalgachhi',132,NULL,NULL,NULL,'2012-05-03 12:36:09'),(365,'Dhamoirhat',132,NULL,NULL,NULL,'2012-05-03 12:36:09'),(366,'Manda',132,NULL,NULL,NULL,'2012-05-03 12:36:09'),(367,'Mahadevpur',132,NULL,NULL,'1','2012-05-03 12:36:06'),(368,'Naogaon Sadar',132,NULL,NULL,NULL,'2012-05-03 12:36:06'),(369,'Niamatpur',132,NULL,NULL,NULL,'2012-05-03 12:36:06'),(370,'Patnitala',132,NULL,NULL,NULL,'2012-05-03 12:36:09'),(371,'Porsha',132,NULL,NULL,NULL,'2012-05-03 12:36:06'),(372,'Raninagar',132,NULL,NULL,NULL,'2012-05-03 12:36:06'),(373,'Sapahar',132,NULL,NULL,NULL,'2012-05-03 12:36:06'),(374,'Bagha',136,NULL,NULL,NULL,'2012-05-03 12:36:06'),(375,'Bagmara',136,NULL,NULL,NULL,'2012-05-03 12:36:09'),(376,'Charghat',136,NULL,NULL,NULL,'2012-05-03 12:36:09'),(377,'Durgapur',132,NULL,NULL,NULL,'2012-05-03 12:36:09'),(378,'Durgapur',136,NULL,NULL,NULL,'2012-05-03 12:36:06'),(379,'Godagari',136,NULL,NULL,NULL,'2012-05-03 12:36:09'),(380,'Mohanpur',136,NULL,NULL,NULL,'2012-05-03 12:36:06'),(381,'Paba',136,NULL,NULL,NULL,'2012-05-03 12:36:09'),(382,'Puthia',136,NULL,NULL,NULL,'2012-05-03 12:36:09'),(383,'Tanore',136,NULL,NULL,NULL,'2012-05-03 12:36:09'),(384,'Birampur',138,NULL,NULL,NULL,'2012-05-03 12:36:09'),(385,'Birganj',138,NULL,NULL,NULL,'2012-05-03 12:36:09'),(386,'Biral',138,NULL,NULL,NULL,'2012-05-03 12:36:09'),(387,'Bochaganj',138,NULL,NULL,NULL,'2012-05-03 12:36:09'),(388,'Chirirbandar',138,NULL,NULL,NULL,'2012-05-03 12:36:09'),(389,'Phulbari',138,NULL,NULL,NULL,'2012-05-03 12:36:09'),(390,'Ghoraghat',138,NULL,NULL,NULL,'2012-05-03 12:36:09'),(391,'Hakimpur',138,NULL,NULL,NULL,'2012-05-03 12:36:09'),(392,'Kaharole',138,NULL,NULL,NULL,'2012-05-03 12:36:09'),(393,'Khansama',138,NULL,NULL,NULL,'2012-05-03 12:36:09'),(394,'Dinajpur Sadar',138,NULL,NULL,NULL,'2012-05-03 12:36:09'),(395,'Nawabganj',138,NULL,NULL,NULL,'2012-05-03 12:36:09'),(396,'Parbatipur',138,NULL,NULL,NULL,'2012-05-03 12:36:09'),(397,'Manmathapur',138,NULL,NULL,NULL,'2012-05-03 12:36:09'),(398,'Phulchhari',139,NULL,NULL,NULL,'2012-05-03 12:36:09'),(399,'Gaibandha Sadar',139,NULL,NULL,NULL,'2012-05-03 12:36:09'),(400,'Gobindaganj',139,NULL,NULL,NULL,'2012-05-03 12:36:06'),(401,'Palashbari',139,NULL,NULL,NULL,'2012-05-03 12:36:06'),(402,'Sadullapur',139,NULL,NULL,NULL,'2012-05-03 12:36:07'),(403,'Sughatta',139,NULL,NULL,NULL,'2012-05-03 12:36:07'),(404,'Sundarganj',139,NULL,NULL,NULL,'2012-05-03 12:36:07'),(405,'Aditmari ',141,NULL,NULL,NULL,'2012-05-03 12:36:07'),(406,'Hatibandha',141,NULL,NULL,NULL,'2012-05-03 12:36:07'),(407,'Kaliganj',141,NULL,NULL,NULL,'2012-05-03 12:36:09'),(408,'Lalmonirhat Sadar',141,NULL,NULL,NULL,'2012-05-03 12:36:09'),(409,'Patgram',141,NULL,NULL,NULL,'2012-05-03 12:36:09'),(410,'Badarganj',144,NULL,NULL,NULL,'2012-05-03 12:36:09'),(411,'Gangachhara',144,NULL,NULL,NULL,'2012-05-03 12:36:09'),(412,'Kaunia',144,NULL,NULL,NULL,'2012-05-03 12:36:09'),(413,'Rangpur Sadar',144,NULL,NULL,NULL,'2012-05-03 12:36:09'),(414,'Mithapukur',144,NULL,NULL,NULL,'2012-05-03 12:36:09'),(415,'Pirgachha',144,NULL,NULL,NULL,'2012-05-03 12:36:09'),(416,'Pirganj',144,NULL,NULL,NULL,'2012-05-03 12:36:09'),(417,'Taraganj',144,NULL,NULL,NULL,'2012-05-03 12:36:09'),(418,'Baliadangi',145,NULL,NULL,NULL,'2012-05-03 12:36:09'),(419,'Haripur',145,NULL,NULL,NULL,'2012-05-03 12:36:09'),(420,'Pirganj',145,NULL,NULL,NULL,'2012-05-03 12:36:10'),(421,'Ranisankail',145,NULL,NULL,NULL,'2012-05-03 12:36:10'),(422,'Thakurgaon Sadar',145,NULL,NULL,NULL,'2012-05-03 12:36:10'),(423,'Bhurungamari',140,NULL,NULL,NULL,'2012-05-03 12:36:10'),(424,'Char Rajibpur',140,NULL,NULL,NULL,'2012-05-03 12:36:10'),(425,'Chilmari',140,NULL,NULL,NULL,'2012-05-03 12:36:10'),(426,'Phulbari',140,NULL,NULL,NULL,'2012-05-03 12:36:10'),(427,'Kurigram Sadar',140,NULL,NULL,NULL,'2012-05-03 12:36:10'),(428,'Nageshwari',140,NULL,NULL,NULL,'2012-05-03 12:36:10'),(430,'Rajarhat',140,NULL,NULL,NULL,'2012-05-03 12:36:11'),(431,'Raomari',140,NULL,NULL,NULL,'2012-05-03 12:36:11'),(432,'Ulipur',140,NULL,NULL,NULL,'2012-05-03 12:36:11'),(433,'Dimla',142,NULL,NULL,NULL,'2012-05-03 12:36:11'),(434,'Domar',142,NULL,NULL,NULL,'2012-05-03 12:36:11'),(435,'Jaldhaka',142,NULL,NULL,NULL,'2012-05-03 12:36:11'),(436,'Kishoreganj',142,NULL,NULL,NULL,'2012-05-03 12:36:11'),(437,'Nilphamari Sadar',142,NULL,NULL,NULL,'2012-05-03 12:36:11'),(438,'Saidpur',142,NULL,NULL,NULL,'2012-05-03 12:36:11'),(439,'Atwari',143,NULL,NULL,NULL,'2012-05-03 12:36:11'),(440,'Boda',143,NULL,NULL,NULL,'2012-05-03 12:36:11'),(441,'Debiganj',143,NULL,NULL,NULL,'2012-05-03 12:36:11'),(442,'Panchagarh Sadar',143,NULL,NULL,NULL,'2012-05-03 12:36:11'),(443,'Tetulia',143,NULL,NULL,NULL,'2012-05-03 12:36:11'),(444,'Amtali',109,NULL,NULL,NULL,'2012-05-03 12:36:11'),(445,'Bamna',109,NULL,NULL,NULL,'2012-05-03 12:36:11'),(446,'Barguna Sadar',109,NULL,NULL,NULL,'2012-05-03 12:36:11'),(447,'Betagi',109,NULL,NULL,NULL,'2012-05-03 12:36:11'),(448,'Patharghata',109,NULL,NULL,NULL,'2012-05-03 12:36:11'),(449,'Bhola Sadar',111,NULL,NULL,NULL,'2012-05-03 12:36:11'),(450,'Burhanuddin',111,NULL,NULL,NULL,'2012-05-03 12:36:11'),(451,'Char Fasson',111,NULL,NULL,NULL,'2012-05-03 12:36:11'),(452,'Daulatkhan',111,NULL,NULL,NULL,'2012-05-03 12:36:11'),(453,'Lalmohan',111,NULL,NULL,NULL,'2012-05-03 12:36:11'),(454,'Manpura',111,NULL,NULL,NULL,'2012-05-03 12:36:11'),(455,'Tazumuddin',111,NULL,NULL,NULL,'2012-05-03 12:36:11'),(456,'Jhalokati Sadar',112,NULL,NULL,NULL,'2012-05-03 12:36:11'),(457,'Kathalia',112,NULL,NULL,NULL,'2012-05-03 12:36:11'),(458,'Nalchity',112,NULL,NULL,NULL,'2012-05-03 12:36:11'),(459,'Rajapur',112,NULL,NULL,NULL,'2012-05-03 12:36:11'),(460,'Agailjhara',110,NULL,NULL,NULL,'2012-05-03 12:36:11'),(461,'Babuganj',110,NULL,NULL,NULL,'2012-05-03 12:36:12'),(462,'Bakerganj',110,NULL,NULL,NULL,'2012-05-03 12:36:12'),(463,'Banaripara',110,NULL,NULL,NULL,'2012-05-03 12:36:12'),(464,'Gaurnadi',110,NULL,NULL,NULL,'2012-05-03 12:36:12'),(465,'Hizla',110,NULL,NULL,NULL,'2012-05-03 12:36:12'),(466,'Barisal Sadar',110,NULL,NULL,NULL,'2012-05-03 12:36:12'),(467,'Mehendiganj',110,NULL,NULL,NULL,'2012-05-03 12:36:12'),(468,'Muladi',110,NULL,NULL,NULL,'2012-05-03 12:36:12'),(469,'Wazirpur',110,NULL,NULL,NULL,'2012-05-03 12:36:12'),(470,'Bauphal',113,NULL,NULL,NULL,'2012-05-03 12:36:12'),(471,'Dasmina',113,NULL,NULL,NULL,'2012-05-03 12:36:12'),(472,'Galachipa',113,NULL,NULL,NULL,'2012-05-03 12:36:12'),(473,'Kalapara',113,NULL,NULL,NULL,'2012-05-03 12:36:12'),(474,'Mirzaganj',113,NULL,NULL,NULL,'2012-05-03 12:36:12'),(475,'Patuakhali Sadar',113,NULL,NULL,NULL,'2012-05-03 12:36:12'),(476,'Bhandaria',114,NULL,NULL,NULL,'2012-05-03 12:36:12'),(477,'Kawkhali',114,NULL,NULL,NULL,'2012-05-03 12:36:12'),(478,'Mathbaria',114,NULL,NULL,NULL,'2012-05-03 12:36:12'),(479,'Nazirpur',114,NULL,NULL,NULL,'2012-05-03 12:36:12'),(480,'Pirojpur Sadar',114,NULL,NULL,NULL,'2012-05-03 12:36:12'),(481,'Nesarabad',114,NULL,NULL,NULL,'2012-05-03 12:36:12'),(482,'Zianagor',114,NULL,NULL,NULL,'2012-05-03 12:36:12'),(483,'Avoynagar',148,NULL,NULL,NULL,'2012-05-03 12:36:12'),(484,'Bagherpara',148,NULL,NULL,NULL,'2012-05-03 12:36:12'),(485,'Chaugachha',148,NULL,NULL,NULL,'2012-05-03 12:36:12'),(486,'Jhikargachha',148,NULL,NULL,NULL,'2012-05-03 12:36:12'),(487,'Keshabpur',148,NULL,NULL,NULL,'2012-05-03 12:36:12'),(488,'Jessore Sadar',148,NULL,NULL,NULL,'2012-05-03 12:36:12'),(489,'Manirampur',148,NULL,NULL,NULL,'2012-05-03 12:36:12'),(490,'Sharsha',148,NULL,NULL,NULL,'2012-05-03 12:36:12'),(491,'Harinakunda',149,NULL,NULL,NULL,'2012-05-03 12:36:12'),(492,'Jhenaidah Sadar',149,NULL,NULL,NULL,'2012-05-03 12:36:12'),(493,'Kaliganj',149,NULL,NULL,NULL,'2012-05-03 12:36:12'),(494,'Kotchandpur',149,NULL,NULL,NULL,'2012-05-03 12:36:12'),(495,'Maheshpur',149,NULL,NULL,NULL,'2012-05-03 12:36:12'),(496,'Shailkupa',149,NULL,NULL,NULL,'2012-05-03 12:36:12'),(497,'Bheramara',151,NULL,NULL,NULL,'2012-05-03 12:36:12'),(498,'Daulatpur',151,NULL,NULL,NULL,'2012-05-03 12:36:12'),(499,'Khoksa',151,NULL,NULL,NULL,'2012-05-03 12:36:12'),(500,'Kumarkhali',151,NULL,NULL,NULL,'2012-05-03 12:36:12'),(501,'Kushtia Sadar',151,NULL,NULL,NULL,'2012-05-03 12:36:12'),(502,'Mirpur',151,NULL,NULL,NULL,'2012-05-03 12:36:12'),(503,'Gangni',153,NULL,NULL,NULL,'2012-05-03 12:36:12'),(504,'Meherpur Sadar',153,NULL,NULL,NULL,'2012-05-03 12:36:12'),(505,'Mujibnagar',151,NULL,NULL,NULL,'2012-05-03 12:36:12'),(506,'Mujibnagar',153,NULL,NULL,NULL,'2012-05-03 12:36:12'),(507,'Kalia',154,NULL,NULL,NULL,'2012-05-03 12:36:12'),(508,'Lohagara',154,NULL,NULL,NULL,'2012-05-03 12:36:12'),(509,'Narail Sadar',154,NULL,NULL,NULL,'2012-05-03 12:36:13'),(510,'Bagerhat Sadar',155,NULL,NULL,'1','2012-05-03 13:22:08'),(511,'Chitalmari',155,NULL,NULL,NULL,'2012-05-03 13:22:08'),(512,'Fakirhat',155,NULL,NULL,NULL,'2012-05-03 12:36:13'),(513,'Kachua',155,NULL,NULL,NULL,'2012-05-03 12:36:13'),(514,'Mollahat',155,NULL,NULL,NULL,'2012-05-03 12:36:13'),(515,'Mongla',155,NULL,NULL,NULL,'2012-05-03 12:36:13'),(516,'Morrelganj',155,NULL,NULL,NULL,'2012-05-03 12:36:13'),(517,'Rampal',155,NULL,NULL,NULL,'2012-05-03 12:36:13'),(518,'Sarankhola',155,NULL,NULL,NULL,'2012-05-03 12:36:13'),(519,'Assasuni',146,NULL,NULL,NULL,'2012-05-03 12:36:13'),(520,'Debhata',146,NULL,NULL,NULL,'2012-05-03 12:36:13'),(521,'Kalaroa',146,NULL,NULL,NULL,'2012-05-03 12:36:13'),(522,'Kaliganj',146,NULL,NULL,NULL,'2012-05-03 12:36:13'),(523,'Satkhira Sadar',146,NULL,NULL,NULL,'2012-05-03 12:36:13'),(524,'Shyamnagar',146,NULL,NULL,NULL,'2012-05-03 12:36:13'),(525,'Tala',146,NULL,NULL,NULL,'2012-05-03 12:36:13'),(526,'Alamdanga',147,NULL,NULL,NULL,'2012-05-03 12:36:13'),(527,'Chuadanga Sadar',147,NULL,NULL,NULL,'2012-05-03 12:36:03'),(528,'Damurhuda',147,NULL,NULL,NULL,'2012-05-03 12:36:03'),(529,'Jibannagar',147,NULL,NULL,NULL,'2012-05-03 12:36:03'),(530,'Batiaghata',150,NULL,NULL,NULL,'2012-05-03 12:36:03'),(531,'Dacope',150,NULL,NULL,NULL,'2012-05-03 12:36:03'),(532,'Dumuria',150,NULL,NULL,NULL,'2012-05-03 12:36:03'),(533,'Dighalia',150,NULL,NULL,NULL,'2012-05-03 12:36:03'),(534,'Koyra',150,NULL,NULL,NULL,'2012-05-03 12:36:03'),(535,'Paikgachha',150,NULL,NULL,NULL,'2012-05-03 12:36:03'),(536,'Phultala',150,NULL,NULL,NULL,'2012-05-03 12:36:03'),(537,'Rupsha',150,NULL,NULL,NULL,'2012-05-03 12:36:03'),(538,'Terokhada',150,NULL,NULL,NULL,'2012-05-03 12:36:03'),(539,'Khulna Sadar',150,NULL,NULL,NULL,'2012-05-03 12:36:03'),(540,'Magura Sadar',152,NULL,NULL,NULL,'2012-05-03 12:36:03'),(541,'Mohammadpur',152,NULL,NULL,NULL,'2012-05-03 12:36:03'),(542,'Shalikha',152,NULL,NULL,NULL,'2012-05-03 12:36:03'),(543,'Sreepur',152,NULL,NULL,NULL,'2012-05-03 12:36:03'),(544,'Charbhadrasan',99,'1','2012-05-10 10:36:44',NULL,'2012-05-10 10:36:44'),(545,'Gopalganj Sadar',100,'1','2012-05-10 10:50:58',NULL,'2012-05-10 10:50:58'),(546,'Fatullah',38,'1','2012-05-10 11:12:02',NULL,'2012-05-10 11:12:02'),(547,'Khaliajuri',73,'1','2012-05-10 11:23:54',NULL,'2012-05-10 11:23:54'),(548,'Mohanganj',73,'1','2012-05-10 11:24:24',NULL,'2012-05-10 11:24:25'),(549,'Gopalpur',26,'1','2012-05-10 11:46:17',NULL,'2012-05-10 11:46:17'),(550,'Basail',26,'1','2012-05-10 11:46:41',NULL,'2012-05-10 11:46:41'),(551,'Bhuapur',26,'1','2012-05-10 11:46:59',NULL,'2012-05-10 11:46:59'),(552,'Delduar',26,'1','2012-05-10 11:47:33',NULL,'2012-05-10 11:47:33'),(553,'Ghatail',26,'1','2012-05-10 11:47:55',NULL,'2012-05-10 11:47:55'),(554,'Kalihati',26,'1','2012-05-10 11:48:10',NULL,'2012-05-10 11:48:10'),(555,'Madhupur',26,'1','2012-05-10 11:48:33',NULL,'2012-05-10 11:48:33'),(556,'Mirzapur',26,'1','2012-05-10 11:48:54',NULL,'2012-05-10 11:48:54'),(557,'Nagarpur',26,'1','2012-05-10 11:49:32',NULL,'2012-05-10 11:49:32'),(558,'Sakhipur',26,'1','2012-05-10 11:49:52',NULL,'2012-05-10 11:49:52'),(559,'Dhonbari',26,'1','2012-05-10 11:50:13',NULL,'2012-05-10 11:50:13'),(560,'Tangail Sadar',26,'1','2012-05-10 11:50:31',NULL,'2012-05-10 11:50:31'),(561,'Rangabali',113,'1','2012-05-10 04:00:32',NULL,'2012-05-10 16:00:32'),(562,'Dhumki',113,'1','2012-05-10 04:01:11',NULL,'2012-05-10 16:01:11'),(563,'Nesarabad (Swarupkati)',114,'1','2012-05-10 05:05:56',NULL,'2012-05-10 17:05:56');

/*Table structure for table `users` */

DROP TABLE IF EXISTS `users`;

CREATE TABLE `users` (
  `id` int(11) unsigned NOT NULL AUTO_INCREMENT,
  `varUserName` varchar(60) COLLATE utf8_unicode_ci NOT NULL,
  `varPassword` varchar(60) COLLATE utf8_unicode_ci NOT NULL,
  `varFullName` varchar(100) COLLATE utf8_unicode_ci NOT NULL,
  `varAddress` varchar(500) COLLATE utf8_unicode_ci DEFAULT NULL,
  `varMoblie` varchar(40) COLLATE utf8_unicode_ci DEFAULT NULL,
  `varEmail` varchar(100) COLLATE utf8_unicode_ci DEFAULT NULL,
  `varDesignation` varchar(60) COLLATE utf8_unicode_ci DEFAULT NULL,
  `intDeskID` int(11) NOT NULL,
  `varDepartment` varchar(60) COLLATE utf8_unicode_ci DEFAULT NULL,
  `dtLastLogin` datetime DEFAULT NULL,
  `enmStatus` enum('active','inactive') COLLATE utf8_unicode_ci DEFAULT 'active',
  `varInsertUser` varchar(30) COLLATE utf8_unicode_ci DEFAULT NULL,
  `dtInsertDT` datetime DEFAULT NULL,
  `varEditUser` varchar(30) COLLATE utf8_unicode_ci DEFAULT NULL,
  `dtLastUDT` timestamp NULL DEFAULT CURRENT_TIMESTAMP,
  PRIMARY KEY (`id`),
  UNIQUE KEY `NewIndex1` (`varUserName`)
) ENGINE=InnoDB AUTO_INCREMENT=9 DEFAULT CHARSET=utf8 COLLATE=utf8_unicode_ci;

/*Data for the table `users` */

insert  into `users`(`id`,`varUserName`,`varPassword`,`varFullName`,`varAddress`,`varMoblie`,`varEmail`,`varDesignation`,`intDeskID`,`varDepartment`,`dtLastLogin`,`enmStatus`,`varInsertUser`,`dtInsertDT`,`varEditUser`,`dtLastUDT`) values (1,'admin','e10adc3949ba59abbe56e057f20f883e','Administrator User','Uttora, dhaka','01714604449','nahid_maruf@yahoo.com','Jr. Eng',1,'CSE','2012-09-16 12:12:42','active','Hasan Nahid','2012-03-11 01:09:15','Administrator User','2012-03-11 13:09:15'),(2,'amiya','e10adc3949ba59abbe56e057f20f883e','Amiya','','','','SSE',3,'','2012-06-11 17:40:41','active','86rngbj77n31u4sau8hee4ena6','2012-05-16 11:16:45','qs3p53q2a44kvgq507fvrntj84','2012-05-16 11:16:45'),(3,'nahid_maruf','e10adc3949ba59abbe56e057f20f883e','Nur nahid hasan Maruf','Bulonpur Rajshahi','01714604449','nurnahidhasan@gmail.com','Jr. Eng',3,'Eng:','2012-05-16 11:57:36','active','b2eijv3hr4l8jucc82vd21n2i5','2012-05-16 11:31:54',NULL,'2012-05-16 11:31:54'),(4,'duser','e10adc3949ba59abbe56e057f20f883e','Data Entry User','','','','',3,'','2012-09-11 12:47:05','active','5d97tgl791am6kr0a5fqqsa7c2','2012-05-22 10:13:23','i5ut0gq9io70fc4pbcuuvmt5u1','2012-05-22 10:13:23'),(5,'aduser','e10adc3949ba59abbe56e057f20f883e','AD User','','','','',5,'','2012-08-01 15:01:58','active','oprotseu55m1aisc5foquro8a6','2012-05-22 11:13:59',NULL,'2012-05-22 11:13:59'),(6,'dduser','e10adc3949ba59abbe56e057f20f883e','DD User','','','','',8,'','2012-05-22 11:29:45','active','oprotseu55m1aisc5foquro8a6','2012-05-22 11:14:24',NULL,'2012-05-22 11:14:24'),(7,'nurhasan','e10adc3949ba59abbe56e057f20f883e','nnhm','','','','',1,'','2012-08-02 11:10:39','active','n14de4h0qrr7ddacoe5uqookg2','2012-08-02 09:38:44','1nup9b6suegpt91vsrpgd6a4h1','2012-08-02 09:38:44'),(8,'online_user','e10adc3949ba59abbe56e057f20f883e','Online user','','','','',3,'',NULL,'active','6b50ncnini9a06al79spm6jsr7','2012-08-30 04:22:34',NULL,'2012-08-30 16:22:34');

/*Table structure for table `victim_information` */

DROP TABLE IF EXISTS `victim_information`;

CREATE TABLE `victim_information` (
  `victims_information_id` bigint(20) unsigned NOT NULL AUTO_INCREMENT,
  `complaint_id` bigint(20) unsigned NOT NULL,
  `victims_name` varchar(150) COLLATE utf8_unicode_ci DEFAULT NULL,
  `victims_number` varchar(20) COLLATE utf8_unicode_ci DEFAULT NULL,
  `victims_father_name` varchar(150) COLLATE utf8_unicode_ci DEFAULT NULL,
  `victims_mother_name` varchar(150) COLLATE utf8_unicode_ci DEFAULT NULL,
  `victims_spouse_name` varchar(150) COLLATE utf8_unicode_ci DEFAULT NULL,
  `victims_sex` varchar(25) COLLATE utf8_unicode_ci DEFAULT 'NULL',
  `victims_age` varchar(20) COLLATE utf8_unicode_ci DEFAULT NULL,
  `victims_religion` int(11) DEFAULT NULL,
  `victims_indigenous_community` enum('yes','no') COLLATE utf8_unicode_ci DEFAULT 'no',
  `disabled` enum('yes','no') COLLATE utf8_unicode_ci DEFAULT 'yes',
  `victims_permanent_village` varchar(150) COLLATE utf8_unicode_ci DEFAULT NULL,
  `permanent_district` int(11) DEFAULT NULL,
  `permanent_sub_district` int(11) DEFAULT NULL,
  `victims_permanent_phone` varchar(30) COLLATE utf8_unicode_ci DEFAULT NULL,
  `victims_permanent_fax` varchar(30) COLLATE utf8_unicode_ci DEFAULT NULL,
  `victims_permanent_email` varchar(120) COLLATE utf8_unicode_ci DEFAULT NULL,
  `victims_present_village` varchar(150) COLLATE utf8_unicode_ci DEFAULT NULL,
  `present_district` int(11) DEFAULT NULL,
  `present_sub_district` int(11) DEFAULT NULL,
  `victims_present_phone` varchar(30) COLLATE utf8_unicode_ci DEFAULT NULL,
  `victims_present_fax` varchar(30) COLLATE utf8_unicode_ci DEFAULT NULL,
  `victims_present_email` varchar(120) COLLATE utf8_unicode_ci DEFAULT NULL,
  `varInsertUser` varchar(30) COLLATE utf8_unicode_ci DEFAULT NULL,
  `dtInsertDT` datetime DEFAULT NULL,
  `varEditUser` varchar(30) COLLATE utf8_unicode_ci DEFAULT NULL,
  `dtLastUDT` timestamp NULL DEFAULT CURRENT_TIMESTAMP,
  PRIMARY KEY (`victims_information_id`),
  KEY `NewIndex1` (`complaint_id`)
) ENGINE=InnoDB AUTO_INCREMENT=17 DEFAULT CHARSET=utf8 COLLATE=utf8_unicode_ci;

/*Data for the table `victim_information` */

insert  into `victim_information`(`victims_information_id`,`complaint_id`,`victims_name`,`victims_number`,`victims_father_name`,`victims_mother_name`,`victims_spouse_name`,`victims_sex`,`victims_age`,`victims_religion`,`victims_indigenous_community`,`disabled`,`victims_permanent_village`,`permanent_district`,`permanent_sub_district`,`victims_permanent_phone`,`victims_permanent_fax`,`victims_permanent_email`,`victims_present_village`,`present_district`,`present_sub_district`,`victims_present_phone`,`victims_present_fax`,`victims_present_email`,`varInsertUser`,`dtInsertDT`,`varEditUser`,`dtLastUDT`) values (1,4,'Munmun Sen','154','Adnan ahmed','Kaniz Fatema','Israfil Khan','female','65',82,'no','no','',125,237,'','','','',83,48,'','','','1','2012-05-13 10:59:59','1','2012-05-13 10:59:58'),(2,7,'Munmun Sen','45','afddfasf','asdfasd','fasdfasdf','female','65',82,'no','no','',109,446,'','','','',111,452,'','','','1','2012-05-14 10:56:33',NULL,'2012-05-14 10:56:33'),(3,8,'','','','','','female','',0,'no','no','',0,0,'','','','',0,0,'','','','1','2012-05-14 10:59:55',NULL,'2012-05-14 10:59:55'),(4,12,'jarina begum','31212','Abdul Mazid','qwreqwer','Israfil Khan','male','23',82,'no','no','',124,176,'','','','',110,460,'','','','1','2012-05-15 12:50:09','1','2012-05-15 12:50:09'),(5,11,'rwetgwer','123','wrwret','wertwe','gsdfgs','male','23',84,'no','no','sadfasd',138,396,'12341324324 ','12342134321','v@kk.com','asdfa',99,81,'1324132413','1234443211','v@kk.com','1','2012-05-15 14:49:17',NULL,'2012-05-15 14:49:17'),(6,10,'','','','','','others','',0,'no','no','',0,0,'','','','',0,0,'','','','1','2012-05-15 17:33:17','1','2012-05-15 17:33:17'),(7,14,'Maruf hassan chawdhury','12','Munjur Hossain','fsadfsa','sadfsa','others','25',0,'no','no','sadfasd',99,77,'1234123','1234231','nahid_maruf@yahoo.com','Test for process path',99,79,'01716019717','44444444444','nahid_maruf@yahoo.com','1','2012-05-27 15:01:27','1','2012-05-27 15:01:27'),(8,13,'dsd','','','','','others','',0,'no','no','',0,0,'','','','',0,0,'','','','1','2012-05-28 17:11:03',NULL,'2012-05-28 17:11:03'),(9,18,'Khademul Islam Masum','','fasdfasd','sdafas','asdfasd','male','234',82,'no','no','',138,386,'','','','Bulon pur',83,48,'31534251','','','2','2012-05-29 11:17:02',NULL,'2012-05-29 11:17:02'),(10,19,' (Name) *','','  (Father\'s Name)','  (Mother\'s Name)','/  (Spouse\'s Name)','male','',0,'no','no','(Permanent Address)',116,244,' (Ph./Mobile) 1',' (FAX) 1','aaa@www.fgfgdf','G DFG DFG 1',1,74,'1111111','aaa@www.fgfgdf','aaa@www.fgfgdf','2','2012-05-29 11:51:08',NULL,'2012-05-29 11:51:08'),(11,20,'','','','','','others','',0,'no','no','',0,0,'','','','',0,0,'','','','2','2012-06-11 17:41:13','2','2012-06-11 17:41:13'),(12,21,'Nur nahid hasan','4234','fasdfasd','asdfasdfa','dafsdfas','male','60',0,'no','no','',124,176,'','','','Rajshahi',109,446,'','2222434323','nahid_maruf@yahoo.com','4','2012-07-23 11:03:31',NULL,'2012-07-23 11:03:31'),(13,9,'sonia','','','','','female','',0,'no','no','',138,386,'','','','42',155,510,'huh','','','1','2012-08-05 12:50:02',NULL,'2012-08-05 12:50:02'),(14,6,'maruf','','','','','others','',0,'no','no','',0,0,'','','','',0,0,'','','','1','2012-08-27 10:45:18',NULL,'2012-08-27 10:45:18'),(15,26,'kk','','','','','others','15',0,'no','no','',0,0,'','','','',0,0,'','','','4','2012-08-27 10:49:37',NULL,'2012-08-27 10:49:37'),(16,28,'Maruf hassan chawdhury',NULL,'Farhad hasan','asdfasdfa','Israfil Khan','male','25',80,'no','no',NULL,NULL,NULL,NULL,NULL,NULL,'Rajpara, Rajshahi',136,375,'01670991909','6546542312','nahid_maruf@yahoo.com','1','2012-08-30 17:01:33','1','2012-08-30 17:01:33');

/*!40101 SET SQL_MODE=@OLD_SQL_MODE */;
/*!40014 SET FOREIGN_KEY_CHECKS=@OLD_FOREIGN_KEY_CHECKS */;
/*!40014 SET UNIQUE_CHECKS=@OLD_UNIQUE_CHECKS */;
/*!40111 SET SQL_NOTES=@OLD_SQL_NOTES */;
